study_specific_id,study_id,intake_ldc_pin,intake_dob,intake_sex,intake_intake_group,intake_final_group,tsi_participantinfo_age,tsi_diaghist_anxiety_dx_given,tsi_diaghist_depression_dx_given,tsi_diaghist_adhd_diagnosis,tsi_diaghist_adhd,tsi_diaghist_adhd_dx_given,tsi_diaghist_dd_diagnosis_specify,tsi_diaghist_other,tsi_diaghist_other_specify,iq,IQ_Test,scq_date,scq_total,scq_imputed_total,scq_subscore_social_interaction,scq_subscore_communication,scq_subscore_rrb,srs2_date_session_1,srs2_short_total_session_1,srs2_awareness_raw_session_1,srs2_cognition_raw_session_1,srs2_communication_raw_session_1,srs2_motivation_raw_session_1,srs2_rrb_raw_session_1,srs2_sci_raw_session_1,srs2_total_raw_session_1,srs2_awareness_tscore_session_1,srs2_cognition_tscore_session_1,srs2_communication_tscore_session_1,srs2_motivation_tscore_session_1,srs2_rrb_tscore_session_1,srs2_sci_tscore_session_1,srs2_total_tscore_session_1,srs2_date_session_7,srs2_short_total_session_7,srs2_awareness_raw_session_7,srs2_cognition_raw_session_7,srs2_communication_raw_session_7,srs2_motivation_raw_session_7,srs2_rrb_raw_session_7,srs2_sci_raw_session_7,srs2_total_raw_session_7,srs2_awareness_tscore_session_7,srs2_cognition_tscore_session_7,srs2_communication_tscore_session_7,srs2_motivation_tscore_session_7,srs2_rrb_tscore_session_7,srs2_sci_tscore_session_7,srs2_total_tscore_session_7,vineland_date_session_1,listening_cmm_raw_score_session_1,talking_cmm_raw_score_session_1,reading_cmm_raw_score_session_1,selfcare_cmm_raw_score_session_1,homecare_cmm_raw_score_session_1,community_cmm_raw_score_session_1,relating_cmm_raw_score_session_1,leisure_cmm_raw_score_session_1,adapting_cmm_raw_score_session_1,lrg_muscles_cmm_raw_score_session_1,sml_muscles_cmm_raw_score_session_1,Communication_sum_v_scales_session_1,Dailyliving_sum_v_scales_session_1,Socialization_sum_v_scales_session_1,Sum_of_domain_standard_scores_session_1,Motor_sum_v_scales_session_1,Communication_standard_score_session_1,Dailyliving_standard_score_session_1,Socialization_standard_score_session_1,Adaptive_standard_score_session_1,Motor_standard_score_session_1,Communication_percentile_rank_session_1,Dailyliving_percentile_rank_session_1,Socialization_percentile_rank_session_1,Adaptive_percentile_rank_session_1,Motor_percentile_rank_session_1,vineland_date_session_7,listening_cmm_raw_score_session_7,talking_cmm_raw_score_session_7,reading_cmm_raw_score_session_7,selfcare_cmm_raw_score_session_7,homecare_cmm_raw_score_session_7,community_cmm_raw_score_session_7,relating_cmm_raw_score_session_7,leisure_cmm_raw_score_session_7,adapting_cmm_raw_score_session_7,lrg_muscles_cmm_raw_score_session_7,sml_muscles_cmm_raw_score_session_7,Communication_sum_v_scales_session_7,Dailyliving_sum_v_scales_session_7,Socialization_sum_v_scales_session_7,Sum_of_domain_standard_scores_session_7,Motor_sum_v_scales_session_7,Communication_standard_score_session_7,Dailyliving_standard_score_session_7,Socialization_standard_score_session_7,Adaptive_standard_score_session_7,Motor_standard_score_session_7,Communication_percentile_rank_session_7,Dailyliving_percentile_rank_session_7,Socialization_percentile_rank_session_7,Adaptive_percentile_rank_session_7,Motor_percentile_rank_session_7,rbs_date_session_1,rbs_stereotyped_endorse_session_1,rbs_stereotyped_total_session_1,rbs_injurous_endorse_session_1,rbs_injurous_total_session_1,rbs_compulsive_endorse_session_1,rbs_compulsive_total_session_1,rbs_ritual_endorse_session_1,rbs_ritual_total_session_1,rbs_sameness_endorse_session_1,rbs_sameness_total_session_1,rbs_restricted_endorse_session_1,rbs_restricted_total_session_1,rbs_overall_endorse_session_1,rbs_overall_score_session_1,rbs_date_session_7,rbs_stereotyped_endorse_session_7,rbs_stereotyped_total_session_7,rbs_injurous_endorse_session_7,rbs_injurous_total_session_7,rbs_compulsive_endorse_session_7,rbs_compulsive_total_session_7,rbs_ritual_endorse_session_7,rbs_ritual_total_session_7,rbs_sameness_endorse_session_7,rbs_sameness_total_session_7,rbs_restricted_endorse_session_7,rbs_restricted_total_session_7,rbs_overall_endorse_session_7,rbs_overall_score_session_7,ccc2_date_session_1,Subtotal_raw_score_A_session_1,Subtotal_raw_score_B_session_1,ccc2_scaled_speech_session_1,ccc2_scaled_syntax_session_1,ccc2_scaled_semantics_session_1,ccc2_scaled_coherence_session_1,ccc2_scaled_Initiation_session_1,ccc2_scaled_scripted_language_session_1,ccc2_scaled_context_session_1,ccc2_scaled_nonverbal_communication_session_1,ccc2_scaled_socialrelations_session_1,ccc2_scaled_interests_session_1,ccc2_date_session_7,Subtotal_raw_score_A_session_7,Subtotal_raw_score_B_session_7,ccc2_scaled_speech_session_7,ccc2_scaled_syntax_session_7,ccc2_scaled_semantics_session_7,ccc2_scaled_coherence_session_7,ccc2_scaled_Initiation_session_7,ccc2_scaled_scripted_language_session_7,ccc2_scaled_context_session_7,ccc2_scaled_nonverbal_communication_session_7,ccc2_scaled_socialrelations_session_7,ccc2_scaled_interests_session_7,child_sp2_parent_date_session_1,child_sp2_rawscore_auditory_session_1,child_sp2_rawscore_visual_session_1,child_sp2_rawscore_touch_session_1,child_sp2_rawscore_movement_session_1,child_sp2_rawscore_body_position_session_1,child_sp2_rawscore_oral_sensory_session_1,child_sp2_rawscore_conduct_session_1,child_sp2_rawscore_social_emotional_session_1,child_sp2_rawscore_attention_session_1,child_sp2_quadscore_seek_session_1,child_sp2_quadscore_avoid_session_1,child_sp2_quadscore_sens_session_1,child_sp2_quadscore_reg_session_1,child_sp2_class_visual_session_1,child_sp2_class_touch_session_1,child_sp2_class_movement_session_1,child_sp2_class_body_position_session_1,child_sp2_class_oral_sensory_session_1,child_sp2_class_conduct_session_1,child_sp2_class_social_emotional_session_1,child_sp2_class_attention_session_1,child_sp2_class_seek_session_1,child_sp2_class_avoid_session_1,child_sp2_class_sens_session_1,child_sp2_class_reg_session_1,child_sp2_parent_date_session_7,child_sp2_rawscore_auditory_session_7,child_sp2_rawscore_visual_session_7,child_sp2_rawscore_touch_session_7,child_sp2_rawscore_movement_session_7,child_sp2_rawscore_body_position_session_7,child_sp2_rawscore_oral_sensory_session_7,child_sp2_rawscore_conduct_session_7,child_sp2_rawscore_social_emotional_session_7,child_sp2_rawscore_attention_session_7,child_sp2_quadscore_seek_session_7,child_sp2_quadscore_avoid_session_7,child_sp2_quadscore_sens_session_7,child_sp2_quadscore_reg_session_7,child_sp2_class_visual_session_7,child_sp2_class_touch_session_7,child_sp2_class_movement_session_7,child_sp2_class_body_position_session_7,child_sp2_class_oral_sensory_session_7,child_sp2_class_conduct_session_7,child_sp2_class_social_emotional_session_7,child_sp2_class_attention_session_7,child_sp2_class_seek_session_7,child_sp2_class_avoid_session_7,child_sp2_class_sens_session_7,child_sp2_class_reg_session_7,sns_profile_adol_adult_date_session_1,sns_profile_adol_adult_low_reg_score_session_1,sns_profile_adol_adult_sens_seeking_score_session_1,sns_profile_adol_adult_sens_sensitivity_score_session_1,sns_profile_adol_adult_sens_avoiding_score_session_1,sns_profile_adol_adult_date_session_7,sns_profile_adol_adult_low_reg_score_session_7,sns_profile_adol_adult_sens_seeking_score_session_7,sns_profile_adol_adult_sens_sensitivity_score_session_7,sns_profile_adol_adult_sens_avoiding_score_session_7,ssis_parent_date_session_1,ssis_parent_social_skills_raw_score_session_1,ssis_parent_communication_raw_score_session_1,ssis_parent_cooperation_raw_score_session_1,ssis_parent_assertion_raw_score_session_1,ssis_parent_responsibility_raw_score_session_1,ssis_parent_empathy_raw_score_session_1,ssis_parent_engagement_raw_score_session_1,ssis_parent_self_control_raw_score_session_1,ssis_parent_problem_behaviors_raw_score_session_1,ssis_parent_externalizing_raw_score_session_1,ssis_parent_bullying_raw_score_session_1,ssis_parent_hyperactivity_raw_score_session_1,ssis_parent_internalizing_raw_score_session_1,ssis_parent_asd_part_a_session_1,ssis_parent_asd_part_b_session_1,ssis_parent_asd_raw_score_session_1,ssis_parent_social_skills_standard_score_session_1,ssis_parent_social_skills_percentile_session_1,ssis_parent_social_skills_percentile_95_lower_ci_session_1,ssis_parent_social_skills_percentile_95_upper_ci_session_1,ssis_parent_communication_behavior_level_session_1,ssis_parent_cooperation_behavior_level_session_1,ssis_parent_assertion_behavior_level_session_1,ssis_parent_responsibility_behavior_level_session_1,ssis_parent_empathy_behavior_level_session_1,ssis_parent_engagement_behavior_level_session_1,ssis_parent_self_control_behavior_level_session_1,ssis_parent_problem_behaviors_standard_score_session_1,ssis_parent_problem_behaviors_percentile_session_1,ssis_parent_problem_behaviors_percentile_95_lower_ci_session_1,ssis_parent_problem_behaviors_percentile_95_upper_ci_session_1,ssis_parent_externalizing_behavior_level_session_1,ssis_parent_bullying_behavior_level_session_1,ssis_parent_hyperactivity_behavior_level_session_1,ssis_parent_internalizing_behavior_level_session_1,ssis_parent_asd_behavior_level_session_1,ssis_parent_date_session_7,ssis_parent_social_skills_raw_score_session_7,ssis_parent_communication_raw_score_session_7,ssis_parent_cooperation_raw_score_session_7,ssis_parent_assertion_raw_score_session_7,ssis_parent_responsibility_raw_score_session_7,ssis_parent_empathy_raw_score_session_7,ssis_parent_engagement_raw_score_session_7,ssis_parent_self_control_raw_score_session_7,ssis_parent_problem_behaviors_raw_score_session_7,ssis_parent_externalizing_raw_score_session_7,ssis_parent_bullying_raw_score_session_7,ssis_parent_hyperactivity_raw_score_session_7,ssis_parent_internalizing_raw_score_session_7,ssis_parent_asd_part_a_session_7,ssis_parent_asd_part_b_session_7,ssis_parent_asd_raw_score_session_7,ssis_parent_social_skills_standard_score_session_7,ssis_parent_social_skills_percentile_session_7,ssis_parent_social_skills_percentile_95_lower_ci_session_7,ssis_parent_social_skills_percentile_95_upper_ci_session_7,ssis_parent_communication_behavior_level_session_7,ssis_parent_cooperation_behavior_level_session_7,ssis_parent_assertion_behavior_level_session_7,ssis_parent_responsibility_behavior_level_session_7,ssis_parent_empathy_behavior_level_session_7,ssis_parent_engagement_behavior_level_session_7,ssis_parent_self_control_behavior_level_session_7,ssis_parent_problem_behaviors_standard_score_session_7,ssis_parent_problem_behaviors_percentile_session_7,ssis_parent_problem_behaviors_percentile_95_lower_ci_session_7,ssis_parent_problem_behaviors_percentile_95_upper_ci_session_7,ssis_parent_externalizing_behavior_level_session_7,ssis_parent_bullying_behavior_level_session_7,ssis_parent_hyperactivity_behavior_level_session_7,ssis_parent_internalizing_behavior_level_session_7,ssis_parent_asd_behavior_level_session_7,celf5_5_8_cls_sc,celf5_5_8_cls_ws,celf5_5_8_cls_fs,celf5_5_8_cls_rs,celf5_5_8_cls_sss,celf5_5_8_cls_ss,celf5_5_8_cls_ssp,celf5_5_8_cls_cil,celf5_5_8_cls_ciu,celf5_5_8_cls_pr,celf5_9_12_cls_wc,celf5_9_12_cls_fs,celf5_9_12_cls_rs,celf5_9_12_cls_sr,celf5_9_12_cls_sss,celf5_9_12_cls_ss,celf5_9_12_cls_ssp,celf5_9_12_cls_cil,celf5_9_12_cls_ciu,celf5_9_12_cls_pr,celf5_13_21_cls_fs,celf5_13_21_cls_rs,celf5_13_21_cls_usp,celf5_13_21_cls_sr,celf5_13_21_cls_sss,celf5_13_21_cls_ss,celf5_13_21_cls_ssp,celf5_13_21_cls_cil,celf5_13_21_cls_ciu,celf5_13_21_cls_pr,topl2_6_8_raw_score,topl2_6_8_percentile_rank,topl2_6_8_plui,topl2_6_8_descriptive_rating,topl2_6_8_ae,topl2_6_8_ge,topl2_8_18_raw_score,topl2_8_18_percentile_rank,topl2_8_18_plui,topl2_8_18_descriptive_rating,topl2_8_18_ae,topl2_8_18_ge
063,CAR-XS9LLU,6460,2009-11-24,Male,ASD,ASD,11,No,No,"ADHD (on paper, more so for services, but he is not on any meds for it, and mother reported that it was not affecting his daily life)",Yes,Yes,NA,No,NA,115,WASI II,2021-10-06,14,14,4,4,5,2021-10-19,22,8,12,22,10,15,52,67,57,61,62,58,68,62,63,2022-01-03,28,11,14,35,11,17,71,88,67,65,77,60,71,71,72,2021-10-19,76,97,76,106,58,116,76,72,66,84,64,51,60,52,354,NA,111,129,114,122,NA,77,97,82,93,NA,2022-01-03,74,96,75,97,39,90,72,65,66,82,65,48,41,46,299,NA,105,93,101,100,NA,63,32,53,50,NA,2021-10-19,4,5,0,0,2,3,2,4,3,3,2,2,13,17,2022-01-03,3,5,0,0,3,4,2,3,5,6,0,0,13,18,2021-10-19,37,14,12,12,8,8,4,7,10,8,8,6,2022-01-03,59,19,9,9,5,6,6,4,6,3,4,5,2021-11-04,17,6,NA,10,25,13,17,28,17,24,40,NA,47,Less Than Others,NA,Just Like the Majority of Others,Much More Than Others,Just Like the Majority of Others,Just Like the Majority of Others,Just Like the Majority of Others,Just Like the Majority of Others,Just Like the Majority of Others,Just Like the Majority of Others,NA,More Than Others,2022-03-04,17,14,17,18,21,13,19,33,19,28,46,31,62,Just Like the Majority of Others,Just Like the Majority of Others,Just Like the Majority of Others,Much More Than Others,Just Like the Majority of Others,Just Like the Majority of Others,More Than Others,Just Like the Majority of Others,Just Like the Majority of Others,Just Like the Majority of Others,Just Like the Majority of Others,Much More Than Others,NA,NA,NA,NA,NA,NA,NA,NA,NA,NA,2021-11-04,106,16,16,14,16,16,12,16,27,5,0,4,14,17,8,15,108,70,102,114,"average
","average
","average
","average
","average
","average
","average
",112,79,105,119,"average
","average
","average
","above average
","above average
",2022-03-04,101,16,15,15,16,15,12,12,26,6,1,5,11,17,7,14,104,60,NA,NA,"average
","average
","average
","average
","average
","average
","average
",110,77,NA,NA,"average
","average
","average
","above average
","average
",NA,NA,NA,NA,NA,NA,NA,NA,NA,NA,15,15,9,13,52,117,7,110,124,87,NA,NA,NA,NA,NA,NA,NA,NA,NA,NA,NA,NA,NA,NA,NA,NA,NA,NA,NA,NA,NA,NA
064,CAR-PQ2GBU ,9101,2007-11-20,Male,ASD,ASD,13,No,No,NA,Yes,No,Developmental Delay (speech/lang),No,NA,118,WASI II,2021-10-13,15,15,2,5,6,2021-11-08,17,11,14,21,3,15,49,64,67,65,61,44,68,60,62,2022-01-30,15,12,9,20,5,13,46,59,70,55,60,48,64,59,60,2021-11-09,70,95,76,101,31,76,54,39,33,84,68,45,36,27,251,NA,100,83,68,81,NA,50,13,2,10,NA,2022-01-31,74,98,76,102,50,105,69,60,48,85,65,48,47,37,292,NA,108,104,80,96,NA,70,61,9,39,NA,2021-11-08,2,3,1,1,2,3,2,2,2,3,1,1,10,13,2022-01-30,2,2,1,2,1,2,1,1,4,5,0,0,9,12,2021-11-08,28,20,12,12,13,8,4,4,8,7,7,6,2022-01-30,24,25,9,12,8,7,4,6,9,8,6,5,2021-11-04,13,8,NA,11,14,20,16,33,15,26,40,NA,38,Less Than Others,NA,Just Like the Majority of Others,Just Like the Majority of Others,Just Like the Majority of Others,Just Like the Majority of Others,More Than Others,Just Like the Majority of Others,Just Like the Majority of Others,Just Like the Majority of Others,NA,Just Like the Majority of Others,2022-01-30,12,12,14,13,20,28,18,36,16,29,45,42,43,Just Like the Majority of Others,Just Like the Majority of Others,Just Like the Majority of Others,Much More Than Others,More Than Others,Just Like the Majority of Others,More Than Others,Just Like the Majority of Others,Just Like the Majority of Others,Just Like the Majority of Others,Just Like the Majority of Others,Just Like the Majority of Others,NA,NA,NA,NA,NA,NA,NA,NA,NA,NA,2021-11-04,88,14,10,18,10,8,17,11,30,13,2,5,11,18,4,10,91,26,85,97,"average
","below average
","average
","average
","below average
","average
","average
",118,90,112,124,"above average
","average
","average
","above average
","average
",2022-01-30,87,12,11,18,12,9,16,9,39,16,5,8,11,15,8,17,91,25,85,97,"below average
","average
","average
","average
","below average
","average
","average
",128,94,122,134,"above average
","above average
","average
","above average
",above average,NA,NA,NA,NA,NA,NA,NA,NA,NA,NA,NA,NA,NA,NA,NA,NA,NA,NA,NA,NA,11,12,13,16,52,120,7,113,127,91,NA,NA,NA,NA,NA,NA,35,77,111,High Average ,18:6,NA
066,CAR-JSRD4V ,3830,2006-06-28,Female,TDC,TDC,15,NA,NA,NA,No,NA,NA,No,NA,113,WASI II,2021-10-19,1,1,0,1,0,2021-11-16,0,3,0,0,0,0,3,3,43,39,40,38,42,39,39,2022-02-22,0,0,0,0,0,0,0,0,34,39,40,38,42,37,38,2021-11-16,78,98,74,110,57,103,86,72,66,86,68,50,52,54,345,NA,113,114,118,119,NA,81,82,88,90,NA,2022-02-22,78,98,75,109,58,102,84,72,66,86,66,51,50,52,341,NA,117,110,114,117,NA,87,75,82,87,NA,2021-11-16,0,0,0,0,1,1,0,0,0,0,0,0,1,1,2022-02-22,0,0,0,0,0,0,0,0,0,0,0,0,0,0,2021-11-16,1,0,12,12,12,12,12,12,12,12,12,15,2022-02-22,0,0,12,12,12,12,15,12,12,12,12,15,NA,NA,NA,NA,NA,NA,NA,NA,NA,NA,NA,NA,NA,NA,NA,NA,NA,NA,NA,NA,NA,NA,NA,NA,NA,NA,NA,NA,NA,NA,NA,NA,NA,NA,NA,NA,NA,NA,NA,NA,NA,NA,NA,NA,NA,NA,NA,NA,NA,NA,NA,NA,NA,NA,NA,NA,NA,NA,NA,NA,NA,NA,2021-11-08,133,21,18,19,18,17,19,21,5,1,1,2,0,24,2,2,125,96,118,132,"above average
","above average
","above average
","average
","average
","average
","above average
",89,24,81,97,"average
","average
","average
","below average
","average
",2022-03-09,138,21,18,21,18,18,21,21,0,0,0,0,0,24,0,0,129,>99,122,136,"above average
","above average
","above average
","average
","above average
","above average
","above average
",82,1,74,90,"average
","average
","average
","below average
","below average
",NA,NA,NA,NA,NA,NA,NA,NA,NA,NA,NA,NA,NA,NA,NA,NA,NA,NA,NA,NA,11,10,13,11,45,108,7,101,115,70,NA,NA,NA,NA,NA,NA,40,87,116,Above Average ,>18-6,>12-3
068,CAR-6TYJDF ,2817,2009-07-20,Male,ASD,ASD,12,Yes,Yes,"They believe it is present, but the Dr did not want to diagnose it at this point ",Yes,No,NA,No,NA,101,WISC,2021-10-20,19,19,5,5,7,2021-11-30,25,13,15,29,24,23,81,104,73,66,70,87,82,76,78,2022-02-14,25,14,16,24,26,24,80,104,76,68,65,91,83,75,78,2021-12-03,70,91,62,101,25,65,74,47,29,80,57,37,36,32,243,NA,82,83,78,78,NA,12,13,7,7,NA,2022-02-14,64,85,59,82,20,60,59,42,28,82,58,33,28,28,217,NA,77,70,70,71,NA,6,2,2,3,NA,2021-11-29,5,6,3,4,2,4,2,3,7,8,2,3,21,28,2022-02-14,4,5,5,9,2,3,2,4,8,15,3,3,24,39,2021-11-30,34,31,8,8,7,5,8,8,9,4,7,1,2022-02-14,39,32,9,9,8,3,8,6,6,4,4,3,NA,NA,NA,NA,NA,NA,NA,NA,NA,NA,NA,NA,NA,NA,NA,NA,NA,NA,NA,NA,NA,NA,NA,NA,NA,NA,2022-02-25,24,NA,18,19,24,22,27,64,23,41,75,50,59,NA,Just Like the Majority of Others,More Than Others,Much More Than Others,Just Like the Majority of Others,More Than Others,Much More Than Others,Just Like the Majority of Others,Just Like the Majority of Others,Much More Than Others,More Than Others,Much More Than Others,NA,NA,NA,NA,NA,NA,NA,NA,NA,NA,2021-11-14,54,9,5,12,4,15,4,5,51,16,2,11,21,11,11,24,65,2,NA,NA,"below average
","below average
","average
","below average
","average
","below average
","below average
",140,98,NA,NA,"above average
","average
","above average
","above average
","above average
",2022-02-25,62,13,8,11,9,10,5,6,55,20,6,13,18,12,12,24,72,4,NA,NA,"average
","below average
","average
","below average
","average
","below average
","below average
",144,98,NA,NA,"above average
","above average
","above average
","above average
","above average
",NA,NA,NA,NA,NA,NA,NA,NA,NA,NA,12,10,8,12,42,102,6,96,108,55,NA,NA,NA,NA,NA,NA,NA,NA,NA,NA,NA,NA,NA,NA,NA,NA,23,30,92,Average ,10-6,4-5
012,CAR-Z4SP25,6148,2008-01-18,Male,TDC,TDC,12,NA,NA,NA,No,NA,NA,No,NA,132,WASI II,2020-12-22,1,1,0,1,0,2021-04-18,4,7,1,4,2,6,14,20,54,40,43,42,52,43,45,2021-09-03,5,7,4,11,4,3,26,29,54,46,50,46,46,49,48,2021-04-18,78,98,74,109,57,95,86,69,66,86,68,51,52,52,339,NA,111,114,114,116,NA,77,82,82,86,NA,2021-08-20,78,98,71,108,58,92,86,72,66,86,68,49,50,55,337,NA,107,110,120,115,NA,68,75,91,84,NA,2021-04-19,0,0,0,0,0,0,0,0,0,0,0,0,0,0,2021-10-29,0,0,0,0,0,0,0,0,0,0,0,0,0,0,2021-04-19,2,1,12,12,11,13,15,9,12,12,12,14,2021-10-29,1,1,12,12,13,13,12,12,12,12,12,14,2021-05-28,12,13,2,7,4,7,12,13,9,24,17,13,21,Just Like the Majority of Others,Less Than Others,Just Like the Majority of Others,Less Than Others,Less Than Others,Just Like the Majority of Others,Just Like the Majority of Others,Just Like the Majority of Others,Just Like the Majority of Others,Less Than Others,Less Than Others,Just Like the Majority of Others,2021-07-26,13,16,4,9,11,11,15,17,NA,NA,NA,21,30,Just Like the Majority of Others,Less Than Others,Just Like the Majority of Others,Just Like the Majority of Others,Just Like the Majority of Others,Just Like the Majority of Others,Just Like the Majority of Others,NA,NA,NA,Just Like the Majority of Others,Just Like the Majority of Others,NA,NA,NA,NA,NA,NA,NA,NA,NA,NA,NA,NA,NA,NA,NA,NA,NA,NA,NA,NA,NA,NA,NA,NA,NA,NA,NA,NA,NA,NA,NA,NA,NA,NA,NA,NA,NA,NA,NA,NA,NA,NA,NA,NA,NA,NA,NA,2021-07-26,97,17,13,13,12,13,15,14,19,7,1,5,7,20,3,7,98,44,92,104,"average
","average
","average
","average
","average
","average
","average
",106,72,100,112,"average
","average
","average
","average
","average
",NA,NA,NA,NA,NA,NA,NA,NA,NA,NA,NA,NA,NA,NA,NA,NA,NA,NA,NA,NA,15,10,10,10,45,108,6,102,114,70,NA,NA,NA,NA,NA,NA,32,65,106,Average,16:6,10:4 
069,CAR-N25W62,4342,2009-06-15,Male,ASD,ASD,12,Yes,NA,ADHD,Yes,Yes,NA,No,NA,121,WASI II,2021-10-27,6,6,1,2,2,2021-11-23,20,9,11,19,13,17,52,69,60,59,59,64,71,62,64,2022-02-11,27,12,16,27,16,20,71,91,70,68,68,71,76,71,73,2021-11-23,76,2,67,96,54,80,80,68,61,84,68,30,43,46,270,NA,73,96,101,87,NA,4,39,53,19,NA,2022-02-11,76,96,66,102,51,85,74,68,63,84,63,44,45,45,298,NA,98,100,100,99,NA,45,50,50,47,NA,2021-11-23,3,3,0,0,3,4,1,1,3,3,1,2,11,13,2022-02-11,3,4,0,0,2,3,2,2,2,2,1,1,10,12,2021-11-23,28,30,4,7,8,8,8,8,8,7,7,5,2022-02-11,26,22,8,8,9,9,7,8,8,7,6,7,2021-12-06,35,16,27,19,31,29,18,43,26,45,57,55,72,Just Like the Majority of Others,More Than Others,More Than Others,Much More Than Others,More Than Others,Just Like the Majority of Others,Much More Than Others,More Than Others,Just Like the Majority of Others,More Than Others,Much More Than Others,Much More Than Others,2022-02-15,24,13,18,18,20,20,14,38,18,34,49,41,45,Just Like the Majority of Others,Just Like the Majority of Others,Just Like the Majority of Others,Much More Than Others,Just Like the Majority of Others,Just Like the Majority of Others,More Than Others,Just Like the Majority of Others,Just Like the Majority of Others,More Than Others,Just Like the Majority of Others,More Than Others,NA,NA,NA,NA,NA,NA,NA,NA,NA,NA,2021-12-06,100,14,14,13,15,16,13,15,29,6,0,8,11,18,9,15,103,58,NA,NA,"average
","average
","average
","average
","average
","average
","average
",114,82,NA,NA,"average
","average
","average
","above average
","above average
",NA,NA,NA,NA,NA,NA,NA,NA,NA,NA,NA,NA,NA,NA,NA,NA,NA,NA,NA,NA,NA,NA,NA,NA,NA,NA,NA,NA,NA,NA,NA,NA,NA,NA,NA,NA,NA,NA,NA,NA,NA,NA,NA,NA,NA,NA,NA,15,9,10,6,40,100,7,93,107,50,NA,NA,NA,NA,NA,NA,NA,NA,NA,NA,NA,NA,NA,NA,NA,NA,26,42,97,Average ,11:7,NA
070, CAR-6QBCPH,3399,2015-08-06,Female,TDC,TDC,6,NA,NA,NA,No,NA,Speech delay (IEP plan for OT/ST),No,NA,118,WISC,2021-10-28,1,1,0,0,1,2021-12-07,0,0,0,1,2,0,3,3,34,39,41,43,42,39,39,2022-10-12,0,0,0,5,4,1,9,10,34,39,45,47,44,42,42,2021-12-07,75,96,39,94,22,36,79,57,55,84,64,49,41,48,305,32,107,93,105,102,105,68,32,63,55,63,2022-10-12,78,98,50,99,42,59,82,63,61,85,68,55,49,52,342,34,120,108,114,117,111,91,70,82,87,77,2021-12-05,1,1,0,0,0,0,0,0,0,0,0,0,1,1,2022-10-12,1,1,0,0,0,0,0,0,0,0,0,0,1,1,2021-12-05,13,2,13,13,13,12,11,14,9,10,11,15,2022-10-12,4,2,12,12,11,13,12,14,15,13,13,13,NA,NA,NA,NA,NA,NA,NA,NA,NA,NA,NA,NA,NA,NA,NA,NA,NA,NA,NA,NA,NA,NA,NA,NA,NA,NA,NA,NA,NA,NA,NA,NA,NA,NA,NA,NA,NA,NA,NA,NA,NA,NA,NA,NA,NA,NA,NA,NA,NA,NA,NA,NA,NA,NA,NA,NA,NA,NA,NA,NA,NA,NA,2022-01-29,99,16,12,17,13,15,15,11,10,8,1,3,0,19,2,7,99,46,93,105,"average
","average
","average
","average
","average
","average
","average
",93,35,85,101,"average
","average
","average
","below average
","average
",2022-10-12,92,14,11,14,12,13,14,14,7,7,1,2,0,17,0,7,93,31,87,99,"average
","average
","average
","average
","average
","average
","average
",90,23,82,98,"average
","average
","average
","below average
","average
",10,5,13,9,37,95,NA,NA,NA,37,NA,NA,NA,NA,NA,NA,NA,NA,NA,NA,NA,NA,NA,NA,NA,NA,NA,NA,NA,NA,6,39,96,Average ,NA,NA,NA,NA,NA,NA,NA,NA
019,CAR-53GR64,9043,2012-06-25,Male,ASD,ASD,8,NA,NA,NA,No,NA,developmental delay,No,NA,132,WASI II,2021-01-21,21,21,4,7,8,2021-05-25,22,10,16,24,14,19,64,83,64,68,65,67,75,68,70,2021-08-07,23,8,16,25,12,19,61,80,57,68,66,62,75,66,68,2021-05-25,76,98,70,95,20,72,68,55,43,86,67,54,40,39,295,32,117,90,88,98,105,87,25,21,45,63,2021-08-09,76,98,70,97,29,74,79,55,47,86,67,54,43,41,305,32,117,96,92,102,105,87,39,30,55,63,2021-05-25,6,9,3,3,3,3,4,8,6,6,3,4,25,33,2021-08-07,6,7,4,4,4,4,4,7,4,4,3,4,25,30,2021-05-25,30,22,8,12,10,10,9,5,9,5,7,6,2021-08-06,43,22,8,9,9,6,8,6,8,5,7,3,2021-06-21,24,18,28,23,27,47,27,49,NA,NA,NA,NA,NA,More Than Others,More Than Others,More Than Others,Much More Than Others,Much More Than Others,More Than Others,Much More Than Others,NA,NA,NA,NA,NA,2021-08-31,26,23,29,27,27,46,25,NA,27,64,60,NA,73,Much More Than Others,Much More Than Others,Much More Than Others,Much More Than Others,Much More Than Others,More Than Others,NA,More Than Others,Much More Than Others,Much More Than Others,NA,Much More Than Others,NA,NA,NA,NA,NA,NA,NA,NA,NA,NA,2021-06-21,75,12,10,15,8,12,10,8,49,12,1,10,22,14,13,23,82,11,76,88,"below average
","average
","average
","below average
","average
","below average
","average
",137,97,130,144,"average
","average
","above average
","above average
","above average
",2021-08-31,87,13,12,14,10,15,15,8,46,9,0,9,22,16,13,21,92,28,86,98,"average
","average
","average
","average
","average
","average
","average
",134,97,127,141,"average
","average
","average
","above average
","above average
",11,12,12,14,49,115,7,108,122,84,NA,NA,NA,NA,NA,NA,NA,NA,NA,NA,NA,NA,NA,NA,NA,NA,NA,NA,NA,NA,NA,NA,NA,NA,NA,NA,21,61,104,Average ,9-6,3-7
071,CAR-JQFHT8,5586,2008-06-08,Male,ASD,ASD,13,Yes,No,ADHD inattentive type ,Yes,Yes,learning disability in written expression ,No,NA,94,WASI II,2021-11-01,13,13,2,5,5,2021-12-07,30,13,22,31,14,21,80,101,73,79,72,67,78,75,77,2022-02-24,27,13,20,30,15,20,78,98,73,76,71,69,76,74,76,2021-12-07,71,96,62,95,38,63,69,58,39,82,62,39,35,35,249,NA,86,81,82,80,NA,18,10,12,9,NA,2022-02-24,72,97,69,95,37,62,70,57,53,86,66,42,33,37,256,NA,93,78,85,82,NA,32,7,16,12,NA,2021-12-07,1,1,2,2,0,0,2,2,4,5,1,1,10,11,2022-02-24,1,1,2,2,0,0,1,1,4,5,1,1,9,10,2021-12-07,27,14,9,12,10,8,5,7,7,9,7,9,2022-02-24,30,15,12,9,8,5,5,6,6,9,8,10,2022-01-03,31,17,27,16,36,33,24,NA,27,49,NA,58,79,Just Like the Majority of Others,More Than Others,Just Like the Majority of Others,Much More Than Others,Much More Than Others,More Than Others,NA,More Than Others,More Than Others,NA,Much More Than Others,Much More Than Others,2022-03-03,30,15,24,12,33,26,23,44,22,34,56,55,NA,Just Like the Majority of Others,More Than Others,Just Like the Majority of Others,Much More Than Others,More Than Others,More Than Others,Much More Than Others,Just Like the Majority of Others,Just Like the Majority of Others,More Than Others,Much More Than Others,NA,NA,NA,NA,NA,NA,NA,NA,NA,NA,NA,2022-01-03,87,15,11,14,12,14,12,9,39,14,1,11,14,16,8,16,91,25,85,97,"average
","average
","average
","average
","average
","average
","average
",128,94,122,134,"above average
","average
","above average
","above average
",above average,2022-03-03,91,16,11,17,11,13,13,10,20,6,0,8,7,16,3,11,94,32,88,100,"average
","average
","average
","average
","average
","average
","average
",107,75,101,113,"average
","average
","average
","average
","average
",NA,NA,NA,NA,NA,NA,NA,NA,NA,NA,NA,NA,NA,NA,NA,NA,NA,NA,NA,NA,18,11,12,9,50,117,7,111,123,87,NA,NA,NA,NA,NA,NA,NA,NA,NA,NA,NA,NA
028,CAR-LDSN3J,9611,2013-04-03,Female,TDC,TDC,7,NA,NA,NA,No,NA,NA,No,NA,123,WASI II,2021-01-26,1,1,1,0,0,2021-03-30,3,5,3,4,5,0,17,17,50,45,44,49,42,46,45,2021-06-22,2,3,2,3,2,2,10,12,43,43,43,43,46,42,43,2021-03-30,75,97,55,102,28,63,81,63,56,75,62,49,46,48,314,24,107,102,105,105,81,68,55,63,63,10,2021-06-23,77,98,55,100,33,54,77,57,55,77,67,51,44,45,309,27,111,98,100,103,89,77,45,50,58,23,2021-03-29,0,0,0,0,0,0,2,2,0,0,0,0,2,2,2021-06-21,0,0,0,0,0,0,2,2,0,0,0,0,2,2,2021-03-29,1,9,12,12,12,13,11,11,15,11,11,12,2021-06-21,1,5,12,12,14,13,13,13,14,11,11,12,2021-04-21,14,15,11,8,8,13,15,27,15,24,37,23,32,Just Like the Majority of Others,Just Like the Majority of Others,Just Like the Majority of Others,Just Like the Majority of Others,Just Like the Majority of Others,Just Like the Majority of Others,Just Like the Majority of Others,Just Like the Majority of Others,Just Like the Majority of Others,Just Like the Majority of Others,Just Like the Majority of Others,Just Like the Majority of Others,2021-07-03,15,21,11,8,8,13,10,23,11,25,33,27,23,More Than Others,Just Like the Majority of Others,Just Like the Majority of Others,Just Like the Majority of Others,Just Like the Majority of Others,Just Like the Majority of Others,Just Like the Majority of Others,Just Like the Majority of Others,Just Like the Majority of Others,Just Like the Majority of Others,Just Like the Majority of Others,Just Like the Majority of Others,NA,NA,NA,NA,NA,NA,NA,NA,NA,NA,2021-04-21,96,18,15,12,12,14,14,11,8,5,0,3,2,18,1,7,96,40,90,102,"average
","average
","average
","average
","average
","average
","average
",91,27,83,99,"average
","average
","average
","average
","average
",2021-07-03,103,21,15,13,14,12,16,12,9,5,0,4,2,22,1,3,102,55,96,108,"above average
","average
","average
","average
","average
","average
","average
",92,31,84,100,"average
","average
","average
","average
","average
",9,13,13,13,48,113,7,106,120,81,NA,NA,NA,NA,NA,NA,NA,NA,NA,NA,NA,NA,NA,NA,NA,NA,NA,NA,NA,NA,NA,NA,NA,NA,NA,NA,20,55,102,Average ,9-0 ,3:3
074,CAR-WQUH4Z,5291,2010-07-04,Male,TDC,TDC,11,NA,NA,NA,No,NA,NA,No,NA,114,WASI II,2021-11-09,1,1,0,1,0,2022-01-17,6,4,9,12,6,4,31,35,45,55,51,50,48,51,51,2022-03-03,5,5,9,11,4,4,29,33,48,55,50,46,48,50,50,2022-01-21,74,97,64,101,49,75,80,65,55,86,67,44,44,44,294,NA,98,98,98,97,NA,45,45,45,42,NA,2022-04-28,76,96,64,102,47,76,81,65,58,86,68,43,43,45,292,NA,96,96,100,96,NA,39,39,50,39,NA,2021-12-01,2,2,1,1,1,1,1,1,1,1,1,1,7,7,2022-03-03,1,1,1,1,1,1,1,1,4,4,0,0,8,8,2021-12-09,8,8,12,12,10,13,12,13,9,10,9,10,2022-02-24,8,11,9,12,13,13,10,13,10,9,9,9,NA,NA,NA,NA,NA,NA,NA,NA,NA,NA,NA,NA,NA,NA,NA,NA,NA,NA,NA,NA,NA,NA,NA,NA,NA,NA,NA,NA,NA,NA,NA,NA,NA,NA,NA,NA,NA,NA,NA,NA,NA,NA,NA,NA,NA,NA,NA,NA,NA,NA,NA,NA,NA,NA,NA,NA,NA,NA,NA,NA,NA,NA,2022-01-12,104,20,14,14,16,13,14,13,21,8,1,5,9,21,2,5,106,66,100,112,"above average
","average
","average
","average
","average
","average
","average
",104,63,97,111,"average
","average
","average
","average
","average
",2022-03-02,93,19,13,12,10,12,14,13,17,6,1,2,9,21,2,5,97,41,91,103,"average
","average
","average
","average
","average
","average
","average
",100,52,93,107,"average
","average
","average
","average
","average
",NA,NA,NA,NA,NA,NA,NA,NA,NA,NA,12,10,9,13,44,105,7,98,112,63,NA,NA,NA,NA,NA,NA,NA,NA,NA,NA,NA,NA,NA,NA,NA,NA,33,77,111,Above Average ,17-6,11-4
029,CAR-3LVQPK,5280,2011-09-19,Female,TDC,TDC,9,NA,NA,NA,No,NA,NA,No,NA,114,WASI II,2021-01-26,0,0,0,0,0,2021-04-03,2,1,2,4,5,0,12,12,37,43,44,49,42,43,43,2021-06-24,1,1,4,3,4,1,12,13,37,47,43,47,44,43,43,2021-04-03,77,98,60,105,53,81,84,64,57,86,68,49,52,48,326,34,107,114,105,110,111,68,82,63,75,77,2021-06-26,76,98,62,102,44,73,83,66,54,86,68,48,47,46,310,33,105,104,101,103,108,63,61,53,58,70,2021-04-02,0,0,0,0,0,0,0,0,0,0,0,0,0,0,2021-06-26,0,0,0,0,0,0,0,0,0,0,0,0,0,0,2021-04-02,5,8,9,12,13,11,11,13,11,10,10,13,2021-06-24,8,4,12,12,13,13,9,13,10,13,11,13,2021-05-10,13,NA,12,8,8,10,11,25,11,NA,34,25,24,NA,Just Like the Majority of Others,Just Like the Majority of Others,Just Like the Majority of Others,Just Like the Majority of Others,Just Like the Majority of Others,Just Like the Majority of Others,Just Like the Majority of Others,NA,Just Like the Majority of Others,Just Like the Majority of Others,Just Like the Majority of Others,2021-06-26,11,10,12,10,8,13,12,25,10,26,33,22,24,Just Like the Majority of Others,Just Like the Majority of Others,Just Like the Majority of Others,Just Like the Majority of Others,Just Like the Majority of Others,Just Like the Majority of Others,Just Like the Majority of Others,Just Like the Majority of Others,Just Like the Majority of Others,Just Like the Majority of Others,Just Like the Majority of Others,Just Like the Majority of Others,NA,NA,NA,NA,NA,NA,NA,NA,NA,NA,2021-05-11,101,17,13,15,15,17,13,11,17,7,0,4,7,19,3,8,101,51,95,107,"average
","average
","average
","average
","average
","average
","average
",102,61,94,110,"average
","average
","average
","average
","average
",2021-06-26,111,17,16,17,17,18,14,12,9,5,0,3,4,18,1,7,109,73,103,115,"average
","average
","average
","above average
",NA,"average
","average
",92,31,84,100,"average
","average
","average
","average
","average
",NA,NA,NA,NA,NA,NA,NA,NA,NA,NA,10,11,8,9,38,96,5,91,101,39,NA,NA,NA,NA,NA,NA,NA,NA,NA,NA,NA,NA,NA,NA,NA,NA,33,90,119,Above Average ,18:6,12-3
075,CAR-XSTA3J,2307,2015-07-05,Female,TDC,TDC,6,NA,NA,NA,No,NA,NA,No,NA,103,WASI II,2021-11-09,1,1,0,1,0,2021-11-25,2,5,2,5,0,1,12,13,50,43,45,38,44,43,43,2022-02-24,3,4,4,4,1,2,13,15,47,47,44,40,46,44,44,2021-11-25,76,96,46,100,30,38,74,58,48,80,66,51,46,45,313,30,111,102,100,104,100,77,55,50,61,50,2022-02-24,73,95,45,94,21,41,76,56,40,86,66,47,42,43,294,35,103,95,96,97,115,58,37,39,42,84,2021-11-25,0,0,1,1,0,0,0,0,0,0,0,0,1,1,2022-02-24,0,0,1,1,1,1,0,0,0,0,0,0,2,2,2021-11-25,9,1,11,13,15,12,10,12,13,13,13,15,2022-02-24,12,5,12,12,13,10,10,12,11,11,13,13,2022-01-04,11,7,11,10,8,12,12,19,12,25,28,22,23,Less Than Others,Just Like the Majority of Others,Just Like the Majority of Others,Just Like the Majority of Others,Just Like the Majority of Others,Just Like the Majority of Others,Just Like the Majority of Others,Just Like the Majority of Others,Just Like the Majority of Others,Just Like the Majority of Others,Just Like the Majority of Others,Just Like the Majority of Others,2022-03-17,10,7,11,8,8,12,12,18,10,23,26,21,22,Less Than Others,Just Like the Majority of Others,Just Like the Majority of Others,Just Like the Majority of Others,Just Like the Majority of Others,Just Like the Majority of Others,Just Like the Majority of Others,Just Like the Majority of Others,Just Like the Majority of Others,Just Like the Majority of Others,Just Like the Majority of Others,Just Like the Majority of Others,NA,NA,NA,NA,NA,NA,NA,NA,NA,NA,2022-01-04,95,17,12,12,11,12,19,12,14,10,0,6,2,20,0,4,96,38,90,102,"average
","average
","average
","average
","average
","average
","average
",98,50,90,106,"average
","average
","average
","average
","average
",2022-03-17,133,21,16,20,17,17,21,21,5,5,0,3,0,24,0,0,128,98,122,134,"above average
","average
","above average
","above average
","average
","above average
","above average
",87,16,79,95,"average
","average
","average
","below average
","below average
",14,16,13,13,56,127,5,122,132,96,NA,NA,NA,NA,NA,NA,NA,NA,NA,NA,NA,NA,NA,NA,NA,NA,NA,NA,NA,NA,6,39,96,Average,<6-2,<K-6,NA,NA,NA,NA,NA,NA
076,CAR-DAULXY,8242,2008-03-11,Male,ASD,ASD,13,NA,NA,ADHD,Yes,Yes,NA,No,NA,104,WASI II,2021-11-10,25,25,12,6,6,2022-01-10,18,12,11,24,13,10,60,70,70,59,65,64,59,66,64,2022-03-01,18,12,9,26,14,13,61,74,70,55,67,67,64,66,66,2022-01-10,68,93,76,103,52,87,50,54,49,86,68,43,43,32,270,NA,96,96,78,87,NA,39,39,7,19,NA,2022-03-01,70,91,74,106,56,90,53,72,66,86,68,41,48,46,298,NA,91,106,101,99,NA,27,66,53,47,NA,2022-01-10,0,0,1,1,0,0,1,2,1,1,1,2,4,6,2022-03-01,0,0,1,1,0,0,2,2,1,1,1,1,5,5,2022-01-10,34,33,8,8,7,3,7,6,8,4,7,4,2022-03-01,32,28,8,8,7,5,7,5,7,4,6,7,2022-01-10,16,8,15,8,14,10,18,28,21,20,36,37,40,Less Than Others,Just Like the Majority of Others,Just Like the Majority of Others,Just Like the Majority of Others,Just Like the Majority of Others,Just Like the Majority of Others,Just Like the Majority of Others,Just Like the Majority of Others,Just Like the Majority of Others,Just Like the Majority of Others,Just Like the Majority of Others,Just Like the Majority of Others,2022-03-17,10,8,13,8,23,13,24,32,26,23,NA,32,58,Less Than Others,Just Like the Majority of Others,Just Like the Majority of Others,Much More Than Others,Just Like the Majority of Others,More Than Others,More Than Others,More Than Others,Just Like the Majority of Others,NA,Just Like the Majority of Others,Much More Than Others,NA,NA,NA,NA,NA,NA,NA,NA,NA,NA,2022-01-10,75,9,12,15,11,9,5,14,25,9,0,10,7,9,5,20,82,12,76,88,"below average
","average
","average
","average
","below average
","below average
","average
",112,83,106,118,"average
","average
","above average
","average
",above average,2022-03-17,68,11,9,11,9,7,8,13,20,7,0,6,7,10,3,17,76,8,70,82,"below average
","below average
","average
","below average
","below average
","below average
","average
",107,75,101,113,"average
","average
","average
","average
",above average,NA,NA,NA,NA,NA,NA,NA,NA,NA,NA,NA,NA,NA,NA,NA,NA,NA,NA,NA,NA,11,7,11,12,41,101,7,94,108,53,NA,NA,NA,NA,NA,NA,29,42,97,Average,13-9,7-8
036,CAR-M9LVS5,2990,2012-01-05,Male,ASD,ASD,9,No,No,NA,Yes,No,NA,No,NA,116,WASI II,2021-03-18,14,14,1,5,7,2021-05-24,24,12,10,24,12,25,58,83,70,57,65,62,85,65,70,2021-08-30,20,9,15,25,10,25,59,84,60,66,66,58,85,65,70,2021-05-24,73,97,56,80,13,64,63,53,34,85,59,43,33,36,258,26,96,78,84,83,85,39,7,14,13,16,2021-09-23,71,96,56,87,14,65,60,52,36,82,60,41,34,35,252,23,91,79,82,81,78,27,8,12,10,7,2021-05-24,3,4,1,2,2,3,5,10,9,18,3,8,23,45,2021-08-30,1,1,3,3,1,1,5,10,9,15,3,5,22,35,2021-05-24,42,14,12,12,8,10,4,8,8,8,8,3,2021-08-30,35,22,12,12,8,7,4,8,9,8,9,3,2021-07-20,31,21,37,17,8,42,29,50,37,59,71,74,60,More Than Others,Much More Than Others,Just Like the Majority of Others,Just Like the Majority of Others,Much More Than Others,More Than Others,Much More Than Others,Much More Than Others,More Than Others,Much More Than Others,Much More Than Others,Much More Than Others,2021-08-30,31,22,31,16,10,40,31,58,32,51,78,79,NA,Much More Than Others,Much More Than Others,Just Like the Majority of Others,Just Like the Majority of Others,Much More Than Others,Much More Than Others,Much More Than Others,Much More Than Others,More Than Others,Much More Than Others,Much More Than Others,NA,NA,NA,NA,NA,NA,NA,NA,NA,NA,NA,2021-07-20,82,14,8,13,11,11,14,11,64,23,7,15,16,15,20,29,88,20,82,94,"average
","below average
","average
","average
","average
","average
","average
",155,   >99,148,162,"above average
","above average
","above average
","above average
","above average
",2021-08-30,83,13,10,12,10,14,13,11,49,18,5,15,10,15,15,24,89,21,83,95,"average
","average
","average
","average
","average
","average
","average
",137,97,130,144,"above average
","above average
","above average
","above average
","above average
",NA,NA,NA,NA,NA,NA,NA,NA,NA,NA,13,11,12,13,49,113,5,108,118,81,NA,NA,NA,NA,NA,NA,NA,NA,NA,NA,NA,NA,NA,NA,NA,NA,26,70,108,Average ,11-9,5-9
021,CAR-Z8C2C9,4475,2009-07-17,Female,TDC,TDC,11,NA,NA,NA,No,NA,NA,No,NA,117,WASI II,2021-01-19,0,0,0,0,0,2021-03-30,0,2,0,0,0,0,2,2,40,39,40,38,42,38,39,2021-06-26,1,3,0,0,2,0,5,5,43,39,40,43,42,40,40,2021-03-31,78,98,71,108,59,100,85,68,66,86,68,53,57,51,351,NA,115,124,112,121,NA,84,95,79,92,NA,2021-06-27,78,98,35,110,60,116,86,68,66,86,68,43,65,52,346,NA,96,136,114,119,NA,39,99,82,90,NA,2021-03-30,0,0,0,0,0,0,0,0,0,0,0,0,0,0,2021-06-26,0,0,0,0,0,0,0,0,0,0,0,0,0,0,2021-03-30,0,0,12,12,13,13,15,13,13,13,13,16,2021-06-26,0,0,12,12,13,13,15,13,13,13,13,16,NA,NA,NA,NA,NA,NA,NA,NA,NA,NA,NA,NA,NA,NA,NA,NA,NA,NA,NA,NA,NA,NA,NA,NA,NA,NA,2021-05-05,8,6,11,9,8,10,9,14,10,20,NA,19,NA,Less Than Others,Just Like the Majority of Others,Just Like the Majority of Others,Just Like the Majority of Others,Just Like the Majority of Others,Just Like the Majority of Others,Just Like the Majority of Others,Just Like the Majority of Others,Just Like the Majority of Others,NA,Just Like the Majority of Others,NA,NA,NA,NA,NA,NA,NA,NA,NA,NA,NA,2021-06-24,136,21,18,21,18,18,19,21,0,0,0,0,0,24,0,0,130,>99,124,136,"above average
","above average
","above average
","above average
",NA,"average
","above average
",81,1,73,89,"below average
","average
","below average
","below average
","below average
",2021-05-07,134,21,18,20,18,18,18,21,0,0,0,0,0,23,0,1,129,98,123,135,"above average
","above average
","above average
","above average
",NA,"average
","above average
",81,1,73,89,"below average
","average
","below average
","below average
","below average
",NA,NA,NA,NA,NA,NA,NA,NA,NA,NA,9,10,11,9,39,98,7,91,105,45,NA,NA,NA,NA,NA,NA,NA,NA,NA,NA,NA,NA,NA,NA,NA,NA,30,65,106,Average ,14-7,8-6
080,CAR-GW4D6F,3960,2011-01-17,Male,ASD,ASD,10,NA,NA,NA,No,NA,NA,Yes,"Childhood apraxia of speech-->at 4.5 he hardly spoke, now he speaks all the time according to mom

Articulation issues at times, struggles more with reading aspect of ST, ",123,WASI II,2021-11-16,21,21,6,7,7,2022-03-24,15,12,17,25,14,11,68,79,70,70,66,67,61,70,68,2022-05-25,13,11,16,22,13,10,62,72,67,68,62,64,59,67,65,2022-04-06,54,84,52,77,6,44,62,43,47,64,58,29,24,35,215,NA,71,62,82,71,NA,3,1,12,3,NA,2022-06-28,62,91,57,82,16,61,79,57,41,76,61,34,29,39,238,NA,79,71,88,77,NA,8,3,21,6,NA,2022-03-24,4,5,0,0,4,5,4,4,5,7,1,2,18,23,2022-05-25,2,3,0,0,3,4,3,5,6,10,1,1,15,23,2022-03-24,52,37,5,3,1,4,7,6,6,3,7,6,2022-05-25,49,27,5,4,3,5,7,7,3,8,8,7,2022-04-15,31,19,35,23,36,25,21,50,34,45,63,76,82,More Than Others,Much More Than Others,More Than Others,Much More Than Others,More Than Others,Just Like the Majority of Others,Much More Than Others,Much More Than Others,Just Like the Majority of Others,Much More Than Others,Much More Than Others,Much More Than Others,2022-06-30,31,19,35,24,35,26,21,50,39,47,63,76,86,More Than Others,Much More Than Others,More Than Others,Much More Than Others,More Than Others,Just Like the Majority of Others,Much More Than Others,Much More Than Others,Just Like the Majority of Others,Much More Than Others,Much More Than Others,Much More Than Others,NA,NA,NA,NA,NA,NA,NA,NA,NA,NA,2022-04-16,104,18,13,12,16,18,10,17,25,6,0,10,8,17,8,15,106,66,100,112,"average
","average
","average
","average
","above average
","below average
","above average
",109,75,102,116,"average
","average
","above average
","average
","above average
",2022-06-17,105,18,14,12,16,18,10,17,24,5,0,9,8,17,8,15,107,68,101,113,"average
","average
","average
","average
","above average
","below average
","above average
",108,72,101,115,"average
","average
","average
","average
","above average
",NA,NA,NA,NA,NA,NA,NA,NA,NA,NA,NA,NA,NA,NA,NA,NA,NA,NA,NA,NA,NA,NA,NA,NA,NA,NA,NA,NA,NA,NA,NA,NA,NA,NA,NA,NA,18,30,92,Average ,8-3,2-7
037,CAR-KFLX9N,3048,2013-11-26,Female,TDC,TDC,7,NA,NA,NA,No,NA,NA,No,NA,123,WASI II,2021-03-26,1,1,0,1,0,2021-03-31,0,3,0,3,0,0,6,6,43,39,43,38,42,40,40,2021-06-23,0,2,0,0,0,0,2,2,40,39,40,38,42,38,39,2021-03-31,76,98,45,101,42,55,80,57,46,82,68,50,49,45,317,31,109,108,100,106,102,73,70,50,66,55,2021-06-23,75,98,46,101,41,52,78,64,48,83,67,49,47,46,312,31,107,104,101,104,102,68,61,53,61,55,2021-03-31,0,0,0,0,0,0,1,1,0,0,0,0,1,1,2021-06-23,0,0,0,0,0,0,0,0,0,0,0,0,0,0,2021-03-31,6,5,12,12,13,13,11,14,11,13,13,11,2021-06-23,0,4,12,12,12,13,13,13,15,13,13,13,NA,NA,NA,NA,NA,NA,NA,NA,NA,NA,NA,NA,NA,NA,NA,NA,NA,NA,NA,NA,NA,NA,NA,NA,NA,NA,2021-06-26,8,10,11,8,8,10,10,17,10,19,24,19,22,Just Like the Majority of Others,Just Like the Majority of Others,Just Like the Majority of Others,Just Like the Majority of Others,Just Like the Majority of Others,Just Like the Majority of Others,Just Like the Majority of Others,Just Like the Majority of Others,Less Than Others,Just Like the Majority of Others,Just Like the Majority of Others,Just Like the Majority of Others,NA,NA,NA,NA,NA,NA,NA,NA,NA,NA,NA,NA,NA,NA,NA,NA,NA,NA,NA,NA,NA,NA,NA,NA,NA,NA,NA,NA,NA,NA,NA,NA,NA,NA,NA,NA,NA,NA,NA,NA,NA,NA,NA,NA,NA,NA,NA,2021-06-26,110,16,14,16,14,16,20,14,8,7,1,4,0,22,0,2,108,71,102,114,"average
","average
","average
","average
","average
","above average
","average
",91,27,83,99,"average
","average
","average
","below average
","below average
",10,8,14,12,44,105,7,97,112,63,NA,NA,NA,NA,NA,NA,NA,NA,NA,NA,NA,NA,NA,NA,NA,NA,NA,NA,NA,NA,11,73,109,Average ,10-5,4-6,NA,NA,NA,NA,NA,NA
025,CAR-96X2S6,4869,2009-07-27,Male,TDC,TDC,11,NA,NA,NA,No,NA,NA,No,NA,94,WASI II,2021-01-22,3,3,0,3,0,2021-03-21,1,3,0,5,1,0,9,9,42,39,44,40,41,40,40,2021-06-17,1,5,0,5,3,0,13,13,48,39,44,44,41,42,42,2021-03-21,78,98,70,110,60,103,86,72,66,86,68,52,61,56,365,NA,113,130,122,126,NA,81,98,93,96,NA,2021-06-17,78,98,76,110,60,89,86,72,66,86,68,56,57,56,368,NA,122,124,122,127,NA,93,95,93,96,NA,2021-03-21,0,0,0,0,0,0,0,0,0,0,0,0,0,0,2021-06-17,0,0,0,0,0,0,0,0,0,0,0,0,0,0,2021-03-21,3,0,12,12,13,13,10,13,13,13,13,16,2021-06-17,0,0,12,12,13,13,15,13,13,13,13,16,NA,NA,NA,NA,NA,NA,NA,NA,NA,NA,NA,NA,NA,NA,NA,NA,NA,NA,NA,NA,NA,NA,NA,NA,NA,NA,2021-06-25,11,7,13,9,9,10,12,20,13,25,26,24,25,Less Than Others,Just Like the Majority of Others,Just Like the Majority of Others,Just Like the Majority of Others,Just Like the Majority of Others,Just Like the Majority of Others,Just Like the Majority of Others,Just Like the Majority of Others,Just Like the Majority of Others,Just Like the Majority of Others,Just Like the Majority of Others,Just Like the Majority of Others,NA,NA,NA,NA,NA,NA,NA,NA,NA,NA,2021-05-03,99,19,12,17,10,13,15,13,36,18,4,11,9,20,5,9,102,55,96,108,"average
","average
","average
","average
","average
","average
","average
",122,91,115,129,"above average
","above average
","above average
","average
","average
",2021-06-25,98,18,12,18,10,11,15,14,35,16,5,10,9,18,5,11,101,53,95,107,"average
","average
","average
","average
","average
","average
","average
",121,90,114,128,"above average
","above average
","above average
","average
","average
",NA,NA,NA,NA,NA,NA,NA,NA,NA,NA,10,10,9,6,35,91,7,84,98,27,NA,NA,NA,NA,NA,NA,NA,NA,NA,NA,NA,NA,NA,NA,NA,NA,NA,NA,NA,NA,NA,NA
038,CAR-G8YG5W,9946,2012-09-28,Male,TDC,TDC,8,NA,NA,NA,No,NA,NA,No,NA,108,WASI II,2021-03-19,0,0,0,0,0,2021-05-10,1,0,1,1,2,0,4,4,32,40,39,42,41,38,38,2021-07-23,0,0,1,0,1,0,2,2,32,40,38,40,41,37,37,2021-05-10,76,98,55,107,46,77,85,64,59,86,66,49,53,50,333,31,107,116,110,113,102,68,86,75,81,55,2021-07-23,78,98,63,109,52,77,86,64,63,86,68,53,56,52,352,34,115,123,114,121,111,84,94,82,92,77,2021-05-10,0,0,0,0,0,0,0,0,0,0,0,0,0,0,2021-07-23,0,0,0,0,0,0,0,0,0,0,0,0,0,0,2021-05-10,1,1,12,12,14,13,15,13,12,13,13,14,2021-07-21,2,1,12,12,14,13,12,13,14,13,13,14,2021-06-10,9,6,0,0,0,0,0,4,1,0,7,9,1,Less Than Others,Much Less Than Others,Much Less Than Others,Much Less Than Others,Less Than Others,Much Less Than Others,Less Than Others,Less Than Others,Much Less Than Others,Much Less Than Others,Less Than Others,Much Less Than Others,2021-08-15,7,0,0,0,0,0,1,4,0,0,8,4,0,Much Less Than Others,Much Less Than Others,Much Less Than Others,Much Less Than Others,Less Than Others,Much Less Than Others,Less Than Others,Much Less Than Others,Much Less Than Others,Less Than Others,Much Less Than Others,Much Less Than Others,NA,NA,NA,NA,NA,NA,NA,NA,NA,NA,2021-06-10,99,17,13,11,13,15,16,14,6,5,0,2,1,22,0,2,102,55,96,108,"average
","average
","average
","average
","average
","average
","average
",87,17,80,94,"average
","average
","average
","average
","below average
",NA,NA,NA,NA,NA,NA,NA,NA,NA,NA,NA,NA,NA,NA,NA,NA,NA,NA,NA,NA,NA,NA,NA,NA,NA,NA,NA,NA,NA,NA,NA,NA,NA,NA,NA,NA,NA,11,9,11,11,42,102,7,95,109,55,NA,NA,NA,NA,NA,NA,NA,NA,NA,NA,NA,NA,NA,NA,NA,NA,NA,NA,NA,NA,NA,NA,NA,NA,NA,NA,NA,NA,NA,NA,NA,NA
082,CAR-XBW9PG,6985,2010-11-12,Male,ASD,ASD,11,No,NA,ADHD ,Yes,Yes,Dev delay,No,NA,108,WASI II,2021-11-22,30,30,10,9,8,2022-03-30,33,15,20,41,23,24,99,123,79,76,83,85,83,85,85,2022-06-16,28,15,16,37,21,21,89,110,79,68,79,81,78,80,80,2022-04-06,64,95,62,88,17,60,32,25,27,78,56,38,30,21,213,NA,84,73,56,70,NA,14,4,<1,2,NA,2022-06-29,63,92,60,98,21,55,46,37,30,79,61,35,33,26,224,NA,80,78,66,74,NA,9,7,1,4,NA,2022-04-06,5,7,1,1,1,1,4,5,5,6,3,5,19,25,2022-06-28,4,4,4,4,1,1,3,4,5,7,1,1,18,21,2022-04-06,56,38,12,9,5,3,6,3,5,2,1,6,2022-06-16,45,29,12,10,9,4,6,8,7,3,2,5,2022-04-21,31,14,34,22,33,19,24,50,31,48,62,63,NA,Just Like the Majority of Others,Much More Than Others,More Than Others,Much More Than Others,Just Like the Majority of Others,More Than Others,Much More Than Others,More Than Others,More Than Others,Much More Than Others,Much More Than Others,NA,2022-07-05,29,19,40,21,36,13,21,43,29,42,57,58,85,More Than Others,Much More Than Others,More Than Others,Much More Than Others,Just Like the Majority of Others,Just Like the Majority of Others,Much More Than Others,More Than Others,Just Like the Majority of Others,More Than Others,Much More Than Others,Much More Than Others,NA,NA,NA,NA,NA,NA,NA,NA,NA,NA,2022-04-21,72,9,9,13,13,9,7,12,38,9,0,12,14,9,11,26,80,9,74,86,"below average
","below average
","average
","average
","below average
","below average
","average
",124,93,117,131,"average
","average
","above average
","above average
","above average
",2022-07-05,67,11,7,13,12,8,7,9,34,9,0,12,15,10,8,22,76,6,70,82,"below average
","below average
","average
","average
","below average
","below average
","average
",120,89,113,127,"average
","average
","above average
","above average
","above average
",NA,NA,NA,NA,NA,NA,NA,NA,NA,NA,12,11,7,9,39,98,7,91,105,45,NA,NA,NA,NA,NA,NA,NA,NA,NA,NA,NA,NA,NA,NA,NA,NA,22,35,94,Average ,10-0,4-1
027,CAR-6PMU3T,9551,2012-04-10,Female,ASD,ASD,8,NA,NA,NA,No,NA,NA,No,NA,116,WASI II,2021-01-25,22,22,8,5,7,2021-05-24,31,16,20,41,13,17,90,107,84,78,87,67,76,84,83,2021-09-11,28,14,21,40,16,21,91,112,78,80,86,73,84,84,85,2021-05-24,69,96,64,83,16,65,50,42,35,86,68,45,35,32,259,34,100,81,78,83,111,50,10,7,13,77,2021-09-11,73,97,59,96,45,71,68,45,36,86,67,44,44,35,278,32,98,98,82,89,105,45,45,12,23,63,2021-05-14,5,6,0,0,2,3,6,9,6,7,1,1,20,26,2021-09-11,4,5,0,0,2,2,5,7,5,6,1,2,17,22,2021-05-24,34,25,12,12,9,7,10,7,4,5,4,8,2021-09-11,43,20,12,12,9,7,8,6,5,4,5,8,NA,NA,NA,NA,NA,NA,NA,NA,NA,NA,NA,NA,NA,NA,NA,NA,NA,NA,NA,NA,NA,NA,NA,NA,NA,NA,2021-11-13,13,11,22,14,16,10,28,41,30,33,53,36,57,Just Like the Majority of Others,More Than Others,Just Like the Majority of Others,More Than Others,Just Like the Majority of Others,More Than Others,More Than Others,More Than Others,Just Like the Majority of Others,More Than Others,Just Like the Majority of Others,Much More Than Others,NA,NA,NA,NA,NA,NA,NA,NA,NA,NA,NA,NA,NA,NA,NA,NA,NA,NA,NA,NA,NA,NA,NA,NA,NA,NA,NA,NA,NA,NA,NA,NA,NA,NA,NA,NA,NA,NA,NA,NA,NA,NA,NA,NA,NA,NA,NA,2021-11-13,45,10,10,6,8,1,6,4,34,15,1,11,9,8,9,25,53,<1,47,59,"below average
","below average
","below average
","below average
","below average
","below average
","below average
",123,92,115,131,"above average
","average
","above average
","average
","above average
",NA,NA,NA,NA,NA,NA,NA,NA,NA,NA,14,14,14,15,57,125,5,120,130,95,NA,NA,NA,NA,NA,NA,NA,NA,NA,NA,NA,NA,NA,NA,NA,NA,21,50,100,Average ,9-6,3-7
040,CAR-T62BLD,9035,2013-05-12,Female,TDC,TDC,7,NA,NA,NA,No,NA,NA,No,NA,135,WASI II,2021-04-06,3,3,0,1,2,2021-05-10,2,3,5,2,6,0,16,16,43,49,42,51,42,45,45,2021-07-07,1,2,3,5,3,0,13,13,40,45,45,45,42,44,43,2021-05-10,76,97,62,106,44,64,83,67,57,82,68,53,52,51,341,31,115,114,112,117,102,84,82,79,87,55,2021-07-21,74,98,58,106,43,66,84,67,55,85,68,50,51,51,333,33,109,112,112,113,108,73,79,79,81,70,2021-05-10,1,1,0,0,1,1,0,0,1,1,0,0,3,3,2021-07-07,2,2,0,0,0,0,0,0,1,1,0,0,3,3,2021-05-10,7,8,12,12,9,13,11,13,12,11,11,12,2021-07-06,5,6,12,12,11,11,10,13,12,11,13,13,NA,NA,NA,NA,NA,NA,NA,NA,NA,NA,NA,NA,NA,NA,NA,NA,NA,NA,NA,NA,NA,NA,NA,NA,NA,NA,2021-07-21,11,13,12,9,8,19,11,21,11,25,28,27,25,Just Like the Majority of Others,Just Like the Majority of Others,Just Like the Majority of Others,Just Like the Majority of Others,Just Like the Majority of Others,Just Like the Majority of Others,Just Like the Majority of Others,Just Like the Majority of Others,Just Like the Majority of Others,Just Like the Majority of Others,Just Like the Majority of Others,Just Like the Majority of Others,NA,NA,NA,NA,NA,NA,NA,NA,NA,NA,NA,NA,NA,NA,NA,NA,NA,NA,NA,NA,NA,NA,NA,NA,NA,NA,NA,NA,NA,NA,NA,NA,NA,NA,NA,NA,NA,NA,NA,NA,NA,NA,NA,NA,NA,NA,NA,2021-07-21,89,16,12,12,12,14,15,8,6,3,0,1,2,21,1,4,91,25,85,97,"average
","average
","average
","average
","average
","average
","below average
",89,20,81,97,"average
","average
","average
","average
","average
",12,8,15,16,51,118,8,111,125,88,NA,NA,NA,NA,NA,NA,NA,NA,NA,NA,NA,NA,NA,NA,NA,NA,NA,NA,NA,NA,11,73,109,NA,10-5,4-6,NA,NA,NA,NA,NA,NA
087,CAR-C79Y96,9179,2013-03-26,Male,ASD,ASD,8,NA,NA,ADHD ,Yes,Yes,NA,No,NA,102,WASI II,2021-12-13,22,22,9,9,3,2022-03-17,19,10,9,20,10,14,49,63,64,55,60,58,66,60,62,2022-07-21,21,12,11,24,7,14,54,68,70,59,65,52,66,63,64,2022-03-17,68,90,48,67,11,40,46,31,26,78,60,36,28,27,219,23,81,70,68,72,78,10,2,2,3,7,2022-08-18,62,88,50,68,13,50,51,35,28,78,57,33,29,29,220,22,77,71,72,72,76,6,3,3,3,5,2022-01-28,2,2,2,2,1,1,5,6,3,5,2,2,15,18,2022-08-04,2,3,2,2,2,2,3,3,3,3,3,3,15,16,2022-01-28,30,34,7,7,9,5,6,9,9,7,8,7,2022-08-04,28,33,7,8,9,4,7,8,9,6,7,9,2022-03-14,20,4,4,6,18,19,19,39,16,25,52,29,35,Much Less Than Others,Less Than Others,Less Than Others,More Than Others,Just Like the Majority of Others,Just Like the Majority of Others,More Than Others,Just Like the Majority of Others,Just Like the Majority of Others,More Than Others,Just Like the Majority of Others,Just Like the Majority of Others,2022-09-08,23,10,1,6,NA,15,15,34,11,17,48,29,26,Just Like the Majority of Others,Less Than Others,Less Than Others,NA,Just Like the Majority of Others,Just Like the Majority of Others,More Than Others,Just Like the Majority of Others,Less Than Others,More Than Others,Just Like the Majority of Others,Just Like the Majority of Others,NA,NA,NA,NA,NA,NA,NA,NA,NA,NA,2022-03-10,69,11,13,12,8,6,8,11,15,8,0,9,2,9,2,17,77,7,71,83,"below average
","average
","average
","below average
","below average
","below average
","average
",97,46,90,104,"average
","average
","average
","average
","above average
",2022-09-08,74,12,12,15,8,7,10,10,23,11,1,11,4,11,4,17,82,10,76,88,"below average
","average
","average
","below average
","below average
","below average
","average
",107,69,100,114,"average
","average
","above average
","average
","above average
",NA,NA,NA,NA,NA,NA,NA,NA,NA,NA,9,5,5,8,27,81,5,76,86,10,NA,NA,NA,NA,NA,NA,NA,NA,NA,NA,NA,NA,NA,NA,NA,NA,1,1,67,Very Poor ,<6:0,K-3
047,CAR-9XQ5WU,1099,2012-04-17,Female,ASD,ASD,8,No,NA,6 or 7 ,Yes,No,NA,Yes,Mood disorder ,91,WASI II,2021-04-13,12,12,7,1,3,2021-07-14,27,9,18,33,12,17,72,89,62,75,78,64,76,74,75,2021-08-31,27,12,19,35,12,17,78,95,71,77,80,64,76,77,78,2021-07-14,67,96,56,103,32,64,61,45,40,78,66,42,43,35,271,25,93,96,82,87,83,32,39,12,19,13,2021-08-31,66,95,55,100,30,58,62,53,41,80,66,39,41,37,264,25,86,93,85,85,83,18,32,16,16,13,2021-07-14,1,1,3,3,3,3,5,7,7,11,1,1,20,26,2021-08-31,1,1,2,3,2,2,5,6,7,10,1,1,18,23,2021-07-14,53,21,9,12,9,8,6,4,4,3,5,5,2021-08-31,46,22,12,12,10,7,5,5,5,4,4,7,2021-07-18,27,18,24,17,8,15,24,40,30,35,61,52,47,More Than Others,More Than Others,Just Like the Majority of Others,Just Like the Majority of Others,Just Like the Majority of Others,More Than Others,More Than Others,More Than Others,Just Like the Majority of Others,Much More Than Others,More Than Others,More Than Others,2021-10-25,28,15,21,15,9,22,26,49,32,39,71,54,45,Just Like the Majority of Others,Just Like the Majority of Others,Just Like the Majority of Others,Just Like the Majority of Others,Just Like the Majority of Others,More Than Others,Much More Than Others,Much More Than Others,Just Like the Majority of Others,Much More Than Others,Much More Than Others,More Than Others,NA,NA,NA,NA,NA,NA,NA,NA,NA,NA,2021-07-23,60,11,6,14,6,8,11,4,34,12,3,10,9,13,8,19,66,2,60,72,"below average
","below average
","average
","below average
","below average
","below average
","below average
",123,92,115,131,"above average
","average
","above average
","average
","above average
",NA,NA,NA,NA,NA,NA,NA,NA,NA,NA,NA,NA,NA,NA,NA,NA,NA,NA,NA,NA,NA,NA,NA,NA,NA,NA,NA,NA,NA,NA,NA,NA,NA,NA,NA,NA,NA,NA,NA,NA,NA,NA,NA,NA,NA,NA,NA,8,9,10,8,35,91,NA,NA,NA,27,NA,NA,NA,NA,NA,NA,NA,NA,NA,NA,NA,NA,NA,NA,NA,NA,NA,NA,NA,NA,NA,NA
089,CAR-V8932K,9150,2015-04-21,Female,ASD,ASD,6,NA,NA,NA,No,NA,NA,No,NA,121,WASI II,2021-12-28,24,24,8,8,7,2022-03-07,24,17,20,32,23,17,92,109,87,78,76,89,76,85,84,2022-04-30,19,12,14,24,14,17,64,81,71,67,67,69,76,70,72,2022-03-07,64,93,33,80,14,36,50,44,20,74,53,34,35,31,236,23,79,81,76,77,78,8,10,5,6,7,2022-04-30,66,93,36,64,8,39,56,48,33,70,60,38,32,36,244,24,84,76,84,79,81,14,5,14,8,10,2022-03-07,2,4,0,0,3,3,4,5,5,6,2,2,16,20,2022-04-21,3,4,0,0,4,4,5,7,7,9,2,2,21,26,2022-03-07,58,25,12,8,8,7,7,4,4,4,7,2,2022-04-21,63,41,8,8,9,4,8,3,2,1,3,4,2022-03-07,29,9,30,24,28,26,19,45,33,37,62,57,79,Just Like the Majority of Others,Much More Than Others,More Than Others,Much More Than Others,More Than Others,Just Like the Majority of Others,Much More Than Others,Much More Than Others,Just Like the Majority of Others,Much More Than Others,Much More Than Others,Much More Than Others,2022-04-30,30,13,28,12,22,34,14,42,26,41,54,58,62,Just Like the Majority of Others,More Than Others,Just Like the Majority of Others,Much More Than Others,Much More Than Others,Just Like the Majority of Others,Much More Than Others,More Than Others,Just Like the Majority of Others,More Than Others,Much More Than Others,Much More Than Others,NA,NA,NA,NA,NA,NA,NA,NA,NA,NA,2022-03-12,80,8,12,15,15,11,9,10,32,9,2,8,10,12,10,22,83,13,77,89,"below average
","average
","average
","average
","average
","below average
","average
",121,90,113,129,"average
","average
","average
","above average
","above average
",2022-04-30,77,10,12,13,13,9,9,11,38,11,3,8,12,14,11,21,80,10,74,86,"below average
","average
","average
","average
","below average
","below average
","average
",128,95,120,136,"average
","average
","average
","above average
","above average
",14,8,14,9,45,107,5,102,112,68,NA,NA,NA,NA,NA,NA,NA,NA,NA,NA,NA,NA,NA,NA,NA,NA,NA,NA,NA,NA,7,47,99,Average ,6-2,K-6,NA,NA,NA,NA,NA,NA
090,CAR-JTBW4D ,8937,2006-04-08,Female,TDC,TDC,15,NA,NA,NA,No,NA,NA,No,NA,111,WASI II,2021-12-30,1,1,0,1,0,2022-03-01,1,1,0,1,5,1,7,8,37,39,41,49,44,41,41,2022-04-20,1,1,0,1,4,0,6,6,37,39,41,47,42,40,40,2022-03-01,78,98,75,109,54,97,85,71,61,86,68,51,47,49,328,NA,117,104,107,111,NA,87,61,68,77,NA,2022-04-22,78,98,76,110,60,109,86,71,66,86,68,50,54,52,347,NA,113,120,114,120,NA,81,91,82,91,NA,2022-03-01,0,0,0,0,0,0,0,0,0,0,0,0,0,0,2022-04-22,0,0,0,0,0,0,0,0,0,0,0,0,0,0,2022-03-01,0,0,12,12,12,12,15,12,12,12,12,15,2022-04-22,0,0,12,12,12,12,15,12,12,12,12,15,NA,NA,NA,NA,NA,NA,NA,NA,NA,NA,NA,NA,NA,NA,NA,NA,NA,NA,NA,NA,NA,NA,NA,NA,NA,NA,NA,NA,NA,NA,NA,NA,NA,NA,NA,NA,NA,NA,NA,NA,NA,NA,NA,NA,NA,NA,NA,NA,NA,NA,NA,NA,NA,NA,NA,NA,NA,NA,NA,NA,NA,NA,2022-03-17,125,19,17,20,17,17,19,16,5,1,0,3,2,24,0,0,118,88,111,125,"average
","average
","above average
","average
","average
","average
","average
",89,24,81,97,"average
","average
","average
","average
","below average
",2022-05-09,132,21,18,20,17,18,21,17,8,2,0,4,4,24,0,0,124,96,117,131,"above average
","above average
","above average
","average
","above average
","above average
","average
",93,37,85,101,"average
","average
","average
","average
","below average
",NA,NA,NA,NA,NA,NA,NA,NA,NA,NA,NA,NA,NA,NA,NA,NA,NA,NA,NA,NA,13,11,10,11,45,108,8,101,115,70,NA,NA,NA,NA,NA,NA,39,82,114,Above Average ,>18:6,>12:3
050,CAR-ZPU7EC,9080,2011-05-20,Male,TDC,TDC,10,NA,NA,NA,No,NA,NA,No,NA,147,WASI II,2021-06-25,1,1,0,1,0,2021-07-21,3,1,0,2,5,5,8,13,35,39,40,48,50,40,42,2021-09-22,1,2,2,3,4,2,11,13,38,42,41,46,45,41,42,2021-07-21,76,98,63,101,42,76,82,65,60,84,68,48,46,48,312,NA,105,102,105,104,NA,63,55,63,61,NA,2021-09-22,76,97,63,102,34,78,81,66,61,85,68,45,44,47,301,NA,100,98,103,100,NA,50,45,58,50,NA,2021-07-21,0,0,0,0,0,0,1,1,1,1,0,0,2,2,2021-09-22,0,0,1,1,0,0,1,1,2,2,0,0,4,4,2021-07-21,2,2,12,12,13,13,12,13,13,13,13,12,2021-09-22,7,5,12,12,11,13,9,13,11,13,13,10,2021-07-31,10,9,13,8,8,10,10,17,10,21,24,21,22,Just Like the Majority of Others,Just Like the Majority of Others,Just Like the Majority of Others,Just Like the Majority of Others,Just Like the Majority of Others,Just Like the Majority of Others,Just Like the Majority of Others,Just Like the Majority of Others,Just Like the Majority of Others,Just Like the Majority of Others,Just Like the Majority of Others,Just Like the Majority of Others,2021-10-13,12,11,13,8,8,13,10,17,NA,24,24,NA,NA,Just Like the Majority of Others,Just Like the Majority of Others,Just Like the Majority of Others,Just Like the Majority of Others,Just Like the Majority of Others,Just Like the Majority of Others,Just Like the Majority of Others,NA,Just Like the Majority of Others,Just Like the Majority of Others,NA,NA,NA,NA,NA,NA,NA,NA,NA,NA,NA,NA,2021-07-31,123,20,18,16,17,18,19,15,13,4,0,5,5,23,2,3,122,92,116,128,"above average
","above average
","average
","above average
","above average
","average
","average
",95,40,88,102,"average
","average
","average
","average
","average
",2021-10-13,109,19,16,14,15,15,16,14,13,6,0,5,4,23,1,2,110,76,104,116,"average
","average
","average
","average
","average
","average
","average
",95,40,88,102,"average
","average
","average
","average
","below average
",NA,NA,NA,NA,NA,NA,NA,NA,NA,NA,15,16,12,15,58,126,7,119,133,126,NA,NA,NA,NA,NA,NA,NA,NA,NA,NA,NA,NA,NA,NA,NA,NA,34,79,112,High Average ,18-6,NA
097,CAR-QNJ8YW ,3990,2011-06-08,Female,ASD,ASD,10,No,No,No ,Yes,No,Motor processing delay (comprehension of speech was fine but it was hard for her to get her ideas into words),No,NA,121,WASI II,2022-01-18,13,13,2,4,6,2022-03-05,13,9,6,21,8,11,44,55,62,51,64,56,64,60,61,2022-05-13,14,7,7,19,7,13,40,53,56,53,62,54,68,58,60,2022-03-11,75,98,72,101,31,69,76,66,47,84,67,50,41,43,298,NA,109,93,96,99,NA,73,32,39,47,NA,2022-05-16,77,98,71,102,31,86,76,66,66,85,68,52,44,49,318,NA,113,98,107,107,NA,81,45,68,68,NA,2022-03-10,3,3,3,4,1,1,1,1,4,4,1,1,13,14,2022-05-13,0,0,1,2,0,0,1,1,3,3,0,0,5,6,2022-03-10,15,14,8,12,11,10,8,9,9,9,10,9,2022-05-13,14,13,9,12,13,13,7,10,8,10,10,9,2022-03-17,15,13,18,15,12,18,18,30,14,38,39,33,36,Just Like the Majority of Others,Just Like the Majority of Others,Just Like the Majority of Others,Just Like the Majority of Others,Just Like the Majority of Others,Just Like the Majority of Others,Just Like the Majority of Others,Just Like the Majority of Others,Just Like the Majority of Others,Just Like the Majority of Others,Just Like the Majority of Others,Just Like the Majority of Others,2022-06-07,17,8,14,10,6,15,14,34,14,25,39,31,NA,Less Than Others,Just Like the Majority of Others,Just Like the Majority of Others,Just Like the Majority of Others,Just Like the Majority of Others,Just Like the Majority of Others,More Than Others,Just Like the Majority of Others,Just Like the Majority of Others,Just Like the Majority of Others,Just Like the Majority of Others,NA,NA,NA,NA,NA,NA,NA,NA,NA,NA,NA,2022-03-17,75,12,11,16,10,8,10,8,22,11,1,7,5,15,5,14,79,8,73,85,"below average
","average
","average
","average
","below average
","below average
","below average
",108,76,100,116,"average
","average
","average
","average
","above average
",2022-06-07,84,13,12,16,12,9,11,11,18,13,1,8,1,16,2,10,86,17,80,92,"average
","average
","average
","average
","below average
","below average
","average
",103,64,95,111,"above average
","average
","average
","average
","average
",NA,NA,NA,NA,NA,NA,NA,NA,NA,NA,15,13,18,15,61,131,6,125,137,98,NA,NA,NA,NA,NA,NA,NA,NA,NA,NA,NA,NA,NA,NA,NA,NA,26,61,104,Average ,11-9,5-9
092,CAR-CAA5A4,3769,2012-12-27,Male,TDC,TDC,9,NA,NA,NA,No,NA,NA,No,NA,129,WASI II,2022-01-05,8,8,4,2,2,2022-03-30,9,8,7,15,6,7,36,43,57,52,55,50,53,54,54,2022-07-27,13,6,9,14,4,13,33,46,51,55,54,46,64,52,55,2022-03-30,78,98,64,103,48,109,83,68,59,84,64,53,56,50,348,27,115,123,110,120,89,84,94,75,91,23,2022-08-18,78,98,67,105,50,92,75,64,64,86,63,54,53,48,338,29,117,116,105,115,96,87,86,63,84,39,2022-03-30,0,0,0,0,0,0,0,0,1,1,1,1,2,2,2022-08-19,0,0,0,0,0,0,2,2,5,5,1,1,8,8,2022-03-30,22,20,9,8,8,11,10,8,8,9,8,7,2022-08-19,11,23,8,10,9,9,10,10,12,7,9,9,2022-04-13,16,13,14,19,11,18,12,22,15,37,NA,29,33,Just Like the Majority of Others,Just Like the Majority of Others,More Than Others,Just Like the Majority of Others,Just Like the Majority of Others,Just Like the Majority of Others,Just Like the Majority of Others,Just Like the Majority of Others,Just Like the Majority of Others,NA,Just Like the Majority of Others,Just Like the Majority of Others,2022-09-09,NA,17,29,24,19,31,24,31,20,54,46,50,NA,Just Like the Majority of Others,Much More Than Others,More Than Others,More Than Others,More Than Others,More Than Others,Just Like the Majority of Others,Just Like the Majority of Others,More Than Others,Just Like the Majority of Others,More Than Others,NA,NA,NA,NA,NA,NA,NA,NA,NA,NA,NA,2022-04-13,121,17,16,21,17,16,15,19,13,7,2,3,1,22,3,5,120,91,114,126,"average
","average
","above average
","above average
","average
","average
","above average
",95,40,88,102,"average
","average
","average
","average
","average
",2022-09-09,55,9,9,11,9,4,10,3,36,13,4,11,8,12,10,22,66,2,60,72,"below average
","below average
","average
","below average
","below average
","below average
","below average
",122,91,115,129,"average
","above average
","above average
","average
","above average
",NA,NA,NA,NA,NA,NA,NA,NA,NA,NA,19,13,13,13,58,126,5,121,131,96,NA,NA,NA,NA,NA,NA,NA,NA,NA,NA,NA,NA,NA,NA,NA,NA,26,70,108,Average ,11-9,5-9
051,CAR-QAMME6,7310,2014-01-01,Male,ASD,ASD,7,NA,NA,ADHD - combined type,Yes,Yes,NA,Yes,Dyslexia - diagnosed Febraury 2021,NA,NA,2021-06-15,13,13,3,3,6,2021-06-28,23,12,17,24,7,21,60,81,70,70,65,52,78,66,69,2021-08-24,19,10,19,23,4,14,56,70,64,74,63,46,66,64,64,2021-06-28,71,90,53,91,21,54,58,59,36,86,63,43,40,39,274,32,96,90,88,88,105,39,25,21,21,63,2021-08-24,70,93,48,96,13,53,56,59,38,86,64,41,40,38,268,32,91,90,87,86,105,27,25,19,18,63,2021-06-28,5,7,0,0,1,1,1,1,0,0,2,2,9,11,2021-08-24,4,4,1,1,0,0,3,4,0,0,4,6,12,15,2021-06-28,51,26,10,10,9,5,6,8,5,3,6,4,2021-08-24,40,28,8,12,8,8,6,7,7,5,6,5,2021-08-10,21,13,27,20,16,39,22,29,33,67,39,58,48,Just Like the Majority of Others,More Than Others,More Than Others,More Than Others,Much More Than Others,Just Like the Majority of Others,Just Like the Majority of Others,Much More Than Others,Much More Than Others,Just Like the Majority of Others,Much More Than Others,More Than Others,2021-11-02,26,13,26,19,22,38,24,28,26,63,39,55,NA,Just Like the Majority of Others,More Than Others,More Than Others,Much More Than Others,Much More Than Others,More Than Others,Just Like the Majority of Others,More Than Others,Much More Than Others,Just Like the Majority of Others,Much More Than Others,NA,NA,NA,NA,NA,NA,NA,NA,NA,NA,NA,2021-08-10,81,12,12,13,8,9,15,12,30,9,2,13,3,14,10,20,87,18,81,93,"below average
","average
","average
","below average
","below average
","average
","average
",115,84,108,122,"average
","average
","above average
","average
","above average
",2021-11-02,76,13,12,9,8,8,15,11,24,7,1,11,2,15,9,18,83,12,77,89,"average
","average
","below average
","below average
","below average
","average
","average
",108,72,101,115,"average
","average
","above average
","average
","above average
",10,11,12,7,40,100,NA,NA,NA,50,NA,NA,NA,NA,NA,NA,NA,NA,NA,NA,NA,NA,NA,NA,NA,NA,NA,NA,NA,NA,NA,NA,NA,NA,NA,NA,NA,NA,NA,NA,NA,NA
099,CAR-ZC94UL,7573,2014-02-19,Male,TDC,TDC,7,No,NA,NA,No,NA,NA,No,NA,117,WASI II,2022-01-24,0,0,0,0,0,2022-04-18,4,3,4,6,3,1,16,17,42,46,45,44,43,44,43,2022-06-16,3,3,2,4,0,1,9,10,42,42,43,38,43,40,41,2022-04-18,78,98,66,107,46,92,86,68,60,86,68,58,56,54,366,35,126,123,117,126,115,96,94,87,96,84,2022-06-16,78,98,76,110,60,116,86,72,66,86,68,62,69,61,406,35,137,140,129,138,115,99,>99,97,99,84,2022-04-18,1,1,0,0,0,0,0,0,0,0,0,0,1,1,2022-06-16,0,0,0,0,0,0,0,0,0,0,0,0,0,0,2022-04-18,6,0,12,12,14,13,13,11,14,11,13,12,2022-06-16,4,0,12,12,14,13,13,13,14,13,13,12,2022-05-09,13,7,11,8,8,10,10,19,10,20,27,21,NA,Less Than Others,Just Like the Majority of Others,Just Like the Majority of Others,Just Like the Majority of Others,Just Like the Majority of Others,Just Like the Majority of Others,Just Like the Majority of Others,Just Like the Majority of Others,Just Like the Majority of Others,Just Like the Majority of Others,Just Like the Majority of Others,NA,2022-09-09,14,2,0,0,0,4,5,8,1,1,17,9,NA,Much Less Than Others,Much Less Than Others,Much Less Than Others,Much Less Than Others,Less Than Others,Less Than Others,Less Than Others,Less Than Others,Much Less Than Others,Less Than Others,Less Than Others,NA,NA,NA,NA,NA,NA,NA,NA,NA,NA,NA,2022-05-09,112,17,16,19,14,12,18,16,10,6,0,3,4,20,0,4,113,81,107,119,"average
","average
","above average
","average
","average
","average
","average
",92,30,85,99,"average
","average
","average
","average
","average
",2022-09-09,102,16,12,19,12,11,18,14,11,6,2,2,4,20,0,4,105,62,99,111,"average
","average
","above average
","average
","average
","average
","average
",93,34,86,100,"average
","average
","average
","average
","average
",11,13,11,14,49,115,7,108,122,84,NA,NA,NA,NA,NA,NA,NA,NA,NA,NA,NA,NA,NA,NA,NA,NA,NA,NA,NA,NA,9,55,102,Average ,8-2,2-6,NA,NA,NA,NA,NA,NA
093,CAR-FLDJN6 ,2586,2014-12-08,Female,ASD,ASD,7,NA,NA,NA,No,NA,NA,No,NA,115,WASI II,2022-01-06,11,11,3,4,4,2022-03-24,11,4,10,9,6,12,29,41,47,59,50,51,66,52,55,2022-05-11,10,4,12,8,5,11,29,40,47,63,49,49,64,52,55,2022-03-24,75,97,55,105,44,78,75,59,63,77,61,51,54,49,336,25,111,118,107,114,83,77,88,68,82,13,2022-05-11,75,97,51,100,45,73,78,60,65,83,63,50,52,50,333,28,109,114,110,113,92,73,82,75,81,30,2022-03-24,1,1,0,0,6,10,5,8,7,10,1,2,20,31,2022-05-11,1,1,0,0,6,8,4,6,10,13,0,0,21,28,2022-03-24,43,10,12,6,10,10,8,8,6,9,11,5,2022-05-11,30,16,10,7,8,9,10,9,8,11,11,6,2022-03-30,20,15,17,9,12,10,15,44,15,23,58,29,NA,Just Like the Majority of Others,Just Like the Majority of Others,Just Like the Majority of Others,Just Like the Majority of Others,Just Like the Majority of Others,Just Like the Majority of Others,Much More Than Others,Just Like the Majority of Others,Just Like the Majority of Others,More Than Others,Just Like the Majority of Others,NA,2022-05-16,22,14,9,11,12,13,8,33,11,23,51,21,31,Just Like the Majority of Others,Just Like the Majority of Others,Just Like the Majority of Others,Just Like the Majority of Others,Just Like the Majority of Others,Less Than Others,More Than Others,Just Like the Majority of Others,Just Like the Majority of Others,More Than Others,Just Like the Majority of Others,Just Like the Majority of Others,NA,NA,NA,NA,NA,NA,NA,NA,NA,NA,2022-03-30,118,16,15,18,17,18,19,15,14,7,0,4,2,21,4,7,115,84,109,121,"average
","average
","average
","above average
",NA,"average
","average
",98,50,90,106,"average
","average
","average
","average
","average
",2022-05-16,120,16,16,20,17,18,21,12,14,10,0,5,1,22,2,4,117,87,111,123,"average
","average
","above average
","above average
",NA,"above average
","average
",98,50,90,106,"average
","average
","average
","average
","average
",12,9,11,10,42,102,NA,NA,NA,55,NA,NA,NA,NA,NA,NA,NA,NA,NA,NA,NA,NA,NA,NA,NA,NA,NA,NA,NA,NA,7,42,97,Average ,6-2,K-6,NA,NA,NA,NA,NA,NA
054,CAR-8G62N6,2903,2010-02-03,Female,TDC,TDC,11,NA,NA,NA,No,NA,NA,No,NA,105,WASI II,2021-06-29,4,4,1,3,0,2021-07-29,1,0,0,1,5,0,6,6,34,39,41,49,42,40,40,2021-09-28,2,0,1,4,2,1,7,8,34,41,44,43,44,41,41,2021-07-30,78,98,76,106,59,108,86,70,65,86,68,57,58,54,367,NA,124,126,117,126,NA,95,96,87,96,NA,2021-09-28,77,98,72,106,59,108,86,67,66,86,68,52,58,52,353,NA,113,126,114,122,NA,81,96,82,93,NA,2021-07-29,0,0,0,0,0,0,1,1,0,0,0,0,1,1,2021-09-28,2,3,0,0,0,0,0,0,0,0,0,0,2,3,2021-07-29,4,1,12,12,13,13,11,13,13,10,11,16,2021-09-28,6,6,12,10,10,13,11,13,13,11,11,10,2021-08-10,20,16,14,11,9,22,10,37,18,42,53,29,24,Just Like the Majority of Others,Just Like the Majority of Others,Just Like the Majority of Others,Just Like the Majority of Others,Just Like the Majority of Others,Just Like the Majority of Others,More Than Others,Just Like the Majority of Others,Just Like the Majority of Others,More Than Others,Just Like the Majority of Others,Just Like the Majority of Others,NA,NA,NA,NA,NA,NA,NA,NA,NA,NA,NA,NA,NA,NA,NA,NA,NA,NA,NA,NA,NA,NA,NA,NA,NA,NA,NA,NA,NA,NA,NA,NA,NA,NA,NA,NA,2021-08-10,106,16,18,17,18,13,11,13,9,4,0,3,3,16,1,9,105,62,99,111,"average
","above average
","average
","above average
","average
","below average
","average
",92,31,84,100,"average
","average
","average
","average
","average
",NA,NA,NA,NA,NA,NA,NA,NA,NA,NA,NA,NA,NA,NA,NA,NA,NA,NA,NA,NA,NA,NA,NA,NA,NA,NA,NA,NA,NA,NA,NA,NA,NA,NA,NA,NA,NA,NA,NA,NA,NA,NA,NA,NA,NA,NA,NA,17,15,14,14,60,129,7,122,136,97,NA,NA,NA,NA,NA,NA,NA,NA,NA,NA,NA,NA,NA,NA,NA,NA,34,79,112,Superior ,18-6,12-3
101,CAR-W8ZSLD,1351,2006-03-19,Male,ASD,ASD,15,No,Yes,ADHD ,Yes,Yes,NA,No,NA,109,WASI II,2022-01-27,2,2,0,2,0,2022-06-21,13,10,6,16,12,6,44,50,64,50,56,62,52,58,57,2022-09-06,13,9,7,19,11,11,46,57,60,52,59,60,61,59,59,2022-06-22,76,98,74,110,57,101,76,67,66,85,68,45,50,45,307,NA,100,110,97,102,NA,50,75,42,55,NA,2022-09-06,76,98,76,106,57,108,76,72,52,83,68,47,49,44,308,NA,106,108,94,103,NA,66,70,34,58,NA,2022-06-22,1,1,0,0,0,0,0,0,0,0,0,0,1,1,2022-09-06,1,1,0,0,0,0,0,0,3,3,0,0,4,4,2022-06-22,4,4,12,12,12,10,12,12,12,10,9,11,2022-09-06,11,11,12,12,12,10,9,9,9,7,5,9,NA,NA,NA,NA,NA,NA,NA,NA,NA,NA,NA,NA,NA,NA,NA,NA,NA,NA,NA,NA,NA,NA,NA,NA,NA,NA,NA,NA,NA,NA,NA,NA,NA,NA,NA,NA,NA,NA,NA,NA,NA,NA,NA,NA,NA,NA,NA,NA,NA,NA,NA,NA,NA,NA,NA,NA,NA,2022-09-21,35,35,26,29,NA,NA,NA,NA,NA,NA,NA,NA,NA,NA,NA,NA,NA,NA,NA,NA,NA,NA,NA,NA,NA,NA,NA,NA,NA,NA,NA,NA,NA,NA,NA,NA,NA,NA,NA,NA,NA,2022-09-21,90,17,12,11,13,11,11,15,17,6,0,5,7,17,2,9,93,30,87,99,"average
","average
","average
","average
","average
","average
","average
",104,67,98,110,"average
","average
","average
","average
","average
",NA,NA,NA,NA,NA,NA,NA,NA,NA,NA,NA,NA,NA,NA,NA,NA,NA,NA,NA,NA,12,14,10,15,51,118,7,111,125,88,NA,NA,NA,NA,NA,NA,38,73,109,Average ,>18-6,>12-3
060,CAR-NEAAJN ,5906,2011-05-24,Female,TDC,TDC,10,NA,NA,NA,No,NA,NA,No,NA,134,WASI II,2021-08-26,1,1,0,0,1,2021-09-29,1,0,0,1,3,0,4,4,34,39,41,45,42,39,39,2021-12-14,1,0,0,0,4,1,4,5,34,39,40,47,44,39,40,2021-10-12,78,98,69,106,53,85,86,64,66,86,68,53,52,52,343,NA,115,114,114,118,NA,84,82,82,88,NA,2021-12-15,78,98,66,108,55,84,86,64,65,86,68,52,54,51,343,NA,113,118,112,118,NA,81,88,79,88,NA,2021-09-29,1,1,0,0,0,0,0,0,0,0,0,0,1,1,2021-12-14,0,0,0,0,0,0,0,0,0,0,0,0,0,0,2021-10-12,3,0,12,12,13,13,12,13,13,13,13,13,2021-12-14,1,0,12,12,13,13,12,13,13,13,13,16,2021-10-12,14,12,12,10,10,10,9,19,12,23,27,24,25,Just Like the Majority of Others,Just Like the Majority of Others,Just Like the Majority of Others,Just Like the Majority of Others,Just Like the Majority of Others,Just Like the Majority of Others,Just Like the Majority of Others,Just Like the Majority of Others,Just Like the Majority of Others,Just Like the Majority of Others,Just Like the Majority of Others,Just Like the Majority of Others,NA,NA,NA,NA,NA,NA,NA,NA,NA,NA,NA,NA,NA,NA,NA,NA,NA,NA,NA,NA,NA,NA,NA,NA,NA,NA,NA,NA,NA,NA,NA,NA,NA,NA,NA,NA,2021-10-04,127,21,18,16,18,17,16,21,3,1,0,2,1,22,0,2,123,94,117,129,"above average
","above average
","average
","above average
","average
","average
","above average
",85,9,77,93,"average
","average
","average
","average
","below average
",2021-12-27,123,20,16,15,18,16,17,21,4,2,0,2,1,22,0,2,119,90,113,125,"above average
","average
","average
","above average
","average
","average
","above average
",86,12,78,94,"average
","average
","average
","average
","below average
",NA,NA,NA,NA,NA,NA,NA,NA,NA,NA,NA,NA,NA,NA,NA,NA,NA,NA,NA,NA,NA,NA,NA,NA,NA,NA,NA,NA,NA,NA,NA,NA,NA,NA,NA,NA,NA,NA,NA,NA,NA,NA
061,CAR-KXQUUB,4461,2014-04-17,Male,ASD,ASD,7,NA,NA,NA,No,NA,NA,No,NA,135,WASI II,2022-03-31,26,26,9,8,7,2022-04-08,31,14,21,44,17,23,96,119,76,78,86,73,82,83,84,2022-05-10,31,16,16,36,14,22,82,104,82,68,78,67,80,76,78,2022-04-13,74,98,76,84,10,111,56,4,1,69,40,58,46,15,272,19,126,102,44,87,71,96,55,<1,19,3,2022-06-14,77,97,76,89,14,48,67,9,12,81,64,58,35,22,265,26,126,81,58,85,85,96,10,<1,16,16,2022-04-13,5,10,1,1,1,1,2,2,1,1,1,1,11,16,2022-05-10,4,6,1,1,1,1,4,5,1,1,2,3,13,17,2022-04-13,35,37,9,9,9,9,6,7,8,3,5,5,2022-05-10,62,32,9,10,9,6,3,3,6,3,3,2,NA,NA,NA,NA,NA,NA,NA,NA,NA,NA,NA,NA,NA,NA,NA,NA,NA,NA,NA,NA,NA,NA,NA,NA,NA,NA,2022-04-27,25,10,19,15,14,16,18,56,24,31,NA,43,49,Just Like the Majority of Others,Just Like the Majority of Others,Just Like the Majority of Others,Just Like the Majority of Others,Just Like the Majority of Others,Just Like the Majority of Others,Much More Than Others,Just Like the Majority of Others,Just Like the Majority of Others,NA,More Than Others,More Than Others,NA,NA,NA,NA,NA,NA,NA,NA,NA,NA,NA,NA,NA,NA,NA,NA,NA,NA,NA,NA,NA,NA,NA,NA,NA,NA,NA,NA,NA,NA,NA,NA,NA,NA,NA,NA,NA,NA,NA,NA,NA,NA,NA,NA,NA,NA,NA,2022-04-27,NA,NA,NA,NA,NA,NA,NA,NA,42,18,5,13,9,11,11,24,NA,NA,NA,NA,NA,NA,NA,NA,NA,NA,NA,129,95,122,136,"above average
","above average
","above average
","average
","above average
",12,11,13,15,51,118,7,111,125,88,NA,NA,NA,NA,NA,NA,NA,NA,NA,NA,NA,NA,NA,NA,NA,NA,NA,NA,NA,NA,5,25,90,Average ,NA,NA,NA,NA,NA,NA,NA,NA
062,CAR-79HD8A,2886,2013-11-10,NA,ASD,ASD,7,Yes,NA,NA,No,NA,Developmental delay: 6 month delay (she thinks it was speech and gross motor...it is what initiated the ASD dx to come about),No,NA,138,WASI II,2021-09-29,30,30,12,7,8,2022-02-02,31,16,21,34,18,23,89,112,NA,NA,NA,NA,NA,NA,NA,2022-03-18,36,17,24,40,22,25,103,128,NA,NA,NA,NA,NA,NA,NA,2022-02-02,61,92,46,75,13,36,43,27,29,81,64,37,31,28,226,26,82,74,70,74,85,12,4,2,4,16,2022-03-18,62,93,56,76,17,34,39,33,28,79,63,39,31,27,228,25,86,74,68,75,83,18,4,2,5,13,2022-02-02,6,11,4,10,5,7,6,10,9,19,4,8,34,65,2022-03-17,6,9,5,8,6,7,6,9,9,11,4,6,36,50,2022-02-02,73,34,7,9,6,5,4,3,3,3,2,4,2022-03-17,62,33,8,10,10,4,4,5,4,3,3,2,2022-03-09,31,21,33,22,27,35,29,58,29,49,81,75,63,More Than Others,Much More Than Others,More Than Others,Much More Than Others,Much More Than Others,More Than Others,Much More Than Others,More Than Others,More Than Others,Much More Than Others,Much More Than Others,Much More Than Others,2022-09-21,35,21,35,30,31,31,28,68,30,45,87,74,85,More Than Others,Much More Than Others,Much More Than Others,Much More Than Others,More Than Others,More Than Others,Much More Than Others,More Than Others,Just Like the Majority of Others,Much More Than Others,Much More Than Others,Much More Than Others,NA,NA,NA,NA,NA,NA,NA,NA,NA,NA,2022-03-09,69,10,11,14,11,10,4,9,59,13,2,14,22,9,19,34,NA,NA,NA,NA,NA,NA,NA,NA,NA,NA,NA,NA,NA,NA,NA,NA,NA,NA,NA,NA,2022-09-21,54,9,10,11,9,7,4,4,58,14,6,13,20,9,17,32,NA,NA,NA,NA,NA,NA,NA,NA,NA,NA,NA,NA,NA,NA,NA,NA,NA,NA,NA,NA,10,8,13,13,44,105,7,98,112,63,NA,NA,NA,NA,NA,NA,NA,NA,NA,NA,NA,NA,NA,NA,NA,NA,NA,NA,NA,NA,NA,NA,NA,NA,NA,NA,NA,NA,NA,NA,NA,NA
102,CAR-84PYYG,7698,2004-07-25,Male,ASD,ASD,17,Yes,NA,ADHD,Yes,Yes,NA,No,NA,88,WASI II,2022-01-31,26,26,10,6,7,2022-03-23,35,7,14,38,22,20,81,101,54,65,80,83,76,76,77,2022-05-27,35,9,17,40,17,23,83,106,60,70,82,73,82,77,79,2022-03-23,75,95,74,103,38,93,38,30,66,82,61,41,37,28,238,NA,85,82,71,77,NA,16,12,3,6,NA,2022-08-26,71,92,69,95,17,88,43,48,36,80,61,37,28,24,212,NA,79,69,64,70,NA,8,2,1,2,NA,2022-03-23,0,0,0,0,1,1,2,2,0,0,1,1,4,4,2022-07-19,0,0,1,1,2,2,1,2,0,0,1,2,5,7,2022-03-23,47,30,1,9,7,4,2,4,8,4,1,5,2022-07-19,41,30,3,6,8,8,2,7,8,3,1,4,NA,NA,NA,NA,NA,NA,NA,NA,NA,NA,NA,NA,NA,NA,NA,NA,NA,NA,NA,NA,NA,NA,NA,NA,NA,NA,NA,NA,NA,NA,NA,NA,NA,NA,NA,NA,NA,NA,NA,NA,NA,NA,NA,NA,NA,NA,NA,NA,NA,NA,NA,NA,NA,NA,NA,NA,NA,2022-06-15,39,29,45,45,2022-04-01,58,10,12,6,11,2,8,9,36,6,0,9,20,9,9,24,69,4,63,75,"below average
","average
","below average
","average
","below average
","below average
","average
",124,93,118,130,"average
","average
","above average
","above average
",above average,2022-06-15,56,8,10,11,12,4,6,5,38,6,0,11,19,8,10,26,67,3,61,73,"below average
","below average
","average
","average
","below average
","below average
","below average
",127,94,121,133,"average
","average
","above average
","above average
",above average,NA,NA,NA,NA,NA,NA,NA,NA,NA,NA,NA,NA,NA,NA,NA,NA,NA,NA,NA,NA,7,7,3,7,24,76,7,69,83,5,NA,NA,NA,NA,NA,NA,11,1,63,Very Poor,6-6,K-9
107,CAR-P5PVDS,9903,2007-12-10,Female,ASD,ASD,14,Yes,NA,NA,No,NA,NA,No,NA,101,WASI II,2022-03-17,20,20,6,6,6,2022-05-25,14,6,7,13,16,12,42,54,53,53,55,73,66,59,61,2022-08-13,5,3,3,3,6,7,15,22,43,45,43,51,56,45,47,2022-06-17,74,96,71,99,34,80,81,65,63,84,62,43,35,44,265,NA,92,79,94,85,NA,30,8,34,16,NA,2022-08-14,78,98,75,106,38,90,82,62,64,86,62,51,41,44,301,NA,117,90,94,100,NA,87,25,34,50,NA,2022-05-25,4,6,0,0,4,5,4,6,8,8,2,2,22,27,2022-08-13,2,4,0,0,2,2,3,3,5,5,1,1,13,15,2022-05-25,14,14,12,9,8,10,10,12,8,8,8,7,2022-08-13,11,3,12,12,13,13,10,12,8,10,10,8,2021-01-01,12,6,7,4,8,12,9,22,6,14,25,25,NA,Less Than Others,Less Than Others,Less Than Others,Just Like the Majority of Others,Just Like the Majority of Others,Just Like the Majority of Others,Just Like the Majority of Others,Less Than Others,Less Than Others,Just Like the Majority of Others,Just Like the Majority of Others,NA,NA,NA,NA,NA,NA,NA,NA,NA,NA,NA,NA,NA,NA,NA,NA,NA,NA,NA,NA,NA,NA,NA,NA,NA,NA,NA,NA,NA,NA,NA,NA,NA,NA,NA,NA,NA,2022-06-03,114,17,15,18,17,17,17,13,12,2,0,3,6,19,3,8,109,72,102,116,"average
","average
","average
","average
","average
","average
","average
",99,50,91,107,"average
","average
","average
","average
","average
",NA,NA,NA,NA,NA,NA,NA,NA,NA,NA,NA,NA,NA,NA,NA,NA,NA,NA,NA,NA,NA,NA,NA,NA,NA,NA,NA,NA,NA,NA,NA,NA,NA,NA,NA,NA,NA,NA,NA,NA,NA,NA,NA,NA,NA,NA,NA,NA,NA,NA,NA,NA,NA,NA,NA,NA,NA,14,10,8,8,40,100,7,93,107,50,NA,NA,NA,NA,NA,NA,27,35,94,Average ,12-4,6-5
108,CAR-GMHNY7,2883,2007-11-19,Female,ASD,ASD,13,NA,NA,NA,NA,NA,NA,NA,NA,107,WASI II,7/26/2021,13,NA,NA,NA,NA,NA,NA,NA,NA,NA,NA,NA,NA,NA,NA,NA,NA,NA,NA,NA,NA,2022-06-12,10,7,5,13,4,12,29,41,56,49,55,47,66,52,55,NA,NA,NA,NA,NA,NA,NA,NA,NA,NA,NA,NA,NA,NA,NA,NA,NA,NA,NA,NA,NA,NA,NA,NA,NA,NA,NA,2022-06-13,78,98,72,110,60,112,82,72,64,84,68,49,58,49,348,NA,110,131,107,120,NA,75,98,68,91,NA,NA,NA,NA,NA,NA,NA,NA,NA,NA,NA,NA,NA,NA,NA,NA,2022-06-12,2,2,0,0,3,3,3,3,7,7,3,3,18,18,NA,NA,NA,NA,NA,NA,NA,NA,NA,NA,NA,NA,NA,2022-06-07,17,11,12,12,7,13,9,7,7,12,12,7,2022-04-21,13,16,12,12,10,11,12,23,NA,NA,NA,NA,NA,Just Like the Majority of Others,Just Like the Majority of Others,Just Like the Majority of Others,Just Like the Majority of Others,Just Like the Majority of Others,Just Like the Majority of Others,Just Like the Majority of Others,NA,NA,NA,NA,NA,2022-06-10,11,9,11,9,9,11,12,24,12,20,31,23,26,Just Like the Majority of Others,Just Like the Majority of Others,Just Like the Majority of Others,Just Like the Majority of Others,Just Like the Majority of Others,Just Like the Majority of Others,Just Like the Majority of Others,Just Like the Majority of Others,Just Like the Majority of Others,Just Like the Majority of Others,Just Like the Majority of Others,Just Like the Majority of Others,NA,NA,NA,NA,NA,NA,NA,NA,NA,NA,2021-12-16,74,14,10,13,9,7,13,8,42,14,0,11,10,15,15,24,76,6,69,83,"average
","below average
","average
","below average
","below average
","average
","below average
",139,98,131,147,"above average
","average
","above average
","above average
","above average
",2022-06-14,NA,NA,NA,NA,NA,NA,NA,NA,29,9,0,11,7,16,9,17,NA,NA,NA,NA,NA,NA,NA,NA,NA,NA,NA,121,91,113,129,"average
","average
","above average
","average
","above average
",NA,NA,NA,NA,NA,NA,NA,NA,NA,NA,NA,NA,NA,NA,NA,NA,NA,NA,NA,NA,13,10,8,11,42,103,NA,NA,NA,58,NA,NA,NA,NA,NA,NA,33,61,104,Average ,17-6,11-4
112,CAR-KPKU54,4049,2007-02-14,Female,TDC,TDC,15,NA,NA,NA,No,NA,NA,No,NA,132,WASI II,2022-04-26,3,3,1,1,1,2022-06-07,4,2,2,7,5,1,16,17,40,43,48,49,44,45,45,2022-08-23,6,4,1,11,7,4,23,27,47,41,52,54,50,49,49,2022-06-09,78,98,72,105,52,88,84,64,59,86,68,49,43,44,298,NA,110,94,94,99,NA,75,34,34,47,NA,2022-08-27,78,98,75,107,58,90,82,65,66,86,68,51,46,47,321,NA,117,102,102,108,NA,87,55,55,70,NA,2022-06-07,1,1,1,1,1,1,1,1,0,0,0,0,4,4,2022-08-23,1,1,1,1,3,4,0,0,1,1,0,0,6,7,2022-06-07,4,2,12,12,12,12,12,9,12,10,12,11,2022-08-23,5,1,12,12,12,12,11,12,12,12,10,11,NA,NA,NA,NA,NA,NA,NA,NA,NA,NA,NA,NA,NA,NA,NA,NA,NA,NA,NA,NA,NA,NA,NA,NA,NA,NA,NA,NA,NA,NA,NA,NA,NA,NA,NA,NA,NA,NA,NA,NA,NA,NA,NA,NA,NA,NA,NA,NA,NA,NA,NA,NA,2022-06-14,21,24,29,42,2022-09-21,22,34,36,39,2022-06-15,104,19,16,15,15,14,8,17,12,3,0,3,5,16,3,11,101,54,94,108,"average
","average
","average
","average
","average
","below average
","average
",99,50,91,107,"average
","average
","average
","average
","average
",2022-09-21,94,17,15,14,13,13,8,14,13,4,0,3,6,16,2,10,93,32,86,100,"average
","average
","average
","average
","average
","below average
","average
",100,52,92,108,"average
","average
","average
","average
","average
",NA,NA,NA,NA,NA,NA,NA,NA,NA,NA,NA,NA,NA,NA,NA,NA,NA,NA,NA,NA,16,16,9,14,55,125,7,118,132,55,NA,NA,NA,NA,NA,NA,30,47,99,Average,14-7,8-6
115,CAR-2QZZTL,3682,2005-04-04,Female,ASD,ASD,17,Yes,NA,NA,No,NA,NA,No,NA,121,WASI II,2022-05-09,13,13,3,4,5,2022-07-07,30,12,15,30,14,19,71,90,71,69,74,69,80,74,76,2022-08-22,24,13,12,33,18,11,76,87,75,63,78,78,64,76,74,2022-07-07,77,98,76,110,60,94,78,72,62,86,67,48,50,47,320,NA,108,110,102,107,NA,70,75,55,68,NA,2022-08-22,77,98,74,110,58,110,61,52,63,86,68,46,52,35,295,NA,103,114,78,98,NA,58,82,7,45,NA,2022-07-07,0,0,4,6,1,1,1,2,3,6,0,0,9,15,2022-08-22,1,1,0,0,0,0,0,0,1,1,1,1,3,3,2022-07-07,17,11,9,12,7,6,12,12,8,8,8,8,2022-08-22,12,2,12,9,9,10,15,12,7,8,10,13,NA,NA,NA,NA,NA,NA,NA,NA,NA,NA,NA,NA,NA,NA,NA,NA,NA,NA,NA,NA,NA,NA,NA,NA,NA,NA,NA,NA,NA,NA,NA,NA,NA,NA,NA,NA,NA,NA,NA,NA,NA,NA,NA,NA,NA,NA,NA,NA,NA,NA,NA,NA,2022-07-07,10,17,17,17,NA,NA,NA,NA,NA,2022-07-07,113,15,18,16,18,18,10,18,24,5,1,5,12,14,8,18,108,71,101,115,"average
","above average
","average
","average
","above average
","below average
","above average
",115,81,107,123,"average
","average
","average
","above average
","above average
",2022-08-30,75,9,16,9,17,11,3,10,20,2,0,5,12,8,5,21,77,6,70,84,"below average
","average
","below average
","average
","average
","below average
","average
",109,72,101,117,"average
","average
","average
","above average
","above average
",NA,NA,NA,NA,NA,NA,NA,NA,NA,NA,NA,NA,NA,NA,NA,NA,NA,NA,NA,NA,15,8,7,8,38,97,7,90,104,42,NA,NA,NA,NA,NA,NA,36,65,106,Average ,>18-6,>12-3
117,CAR-9ZYNH8,5382,2009-11-11,NA,ASD,ASD,12,NA,NA,ADHD,Yes,Yes,NA,No,NA,98,WASI II,2022-07-13,10,10,2,3,5,2022-08-06,15,6,12,15,17,17,50,67,NA,NA,NA,NA,NA,NA,NA,2022-09-22,17,7,17,19,17,15,60,75,NA,NA,NA,NA,NA,NA,NA,2022-08-06,77,97,69,107,37,86,82,59,54,82,65,47,44,43,297,NA,103,98,96,99,NA,58,45,39,47,NA,2022-09-25,76,96,68,104,37,76,68,53,47,80,63,44,40,36,272,NA,98,90,84,87,NA,45,25,14,19,NA,2022-08-07,2,2,1,1,1,1,3,3,5,5,1,1,13,13,2022-09-22,3,3,1,2,0,0,6,6,6,9,1,1,17,21,2022-08-07,19,14,12,12,9,9,9,8,7,9,8,7,2022-09-25,35,23,8,12,9,5,6,6,6,6,8,6,2022-08-09,12,14,26,4,19,11,12,44,NA,30,47,30,NA,Just Like the Majority of Others,More Than Others,Less Than Others,More Than Others,Just Like the Majority of Others,Just Like the Majority of Others,Much More Than Others,NA,Just Like the Majority of Others,More Than Others,Just Like the Majority of Others,NA,2022-09-26,19,16,25,11,18,21,17,46,20,40,NA,39,54,Just Like the Majority of Others,More Than Others,Just Like the Majority of Others,More Than Others,Just Like the Majority of Others,Just Like the Majority of Others,Much More Than Others,Just Like the Majority of Others,Just Like the Majority of Others,NA,Just Like the Majority of Others,More Than Others,NA,NA,NA,NA,NA,NA,NA,NA,NA,NA,2022-08-09,102,19,13,17,12,16,16,9,38,13,2,11,15,21,7,10,NA,NA,NA,NA,NA,NA,NA,NA,NA,NA,NA,NA,NA,NA,NA,NA,NA,NA,NA,NA,2022-09-26,99,17,14,16,12,15,15,10,34,9,1,10,14,18,8,14,NA,NA,NA,NA,NA,NA,NA,NA,NA,NA,NA,NA,NA,NA,NA,NA,NA,NA,NA,NA,NA,NA,NA,NA,NA,NA,NA,NA,NA,NA,14,18,10,10,52,117,6,111,123,87,NA,NA,NA,NA,NA,NA,NA,NA,NA,NA,NA,NA,NA,NA,NA,NA,24,32,93,Average,10-11,4-9
118,CAR-9FWDSR,2411,2013-06-05,Male,TDC,TDC,8,NA,NA,NA,NA,NA,NA,NA,NA,113,WASI II,3/3/2022,1,NA,NA,NA,NA,NA,NA,NA,NA,NA,NA,NA,NA,NA,NA,NA,NA,NA,NA,NA,NA,2022-10-03,5,4,1,8,8,1,21,22,45,40,47,54,43,46,45,NA,NA,NA,NA,NA,NA,NA,NA,NA,NA,NA,NA,NA,NA,NA,NA,NA,NA,NA,NA,NA,NA,NA,NA,NA,NA,NA,2022-10-03,75,97,49,103,31,55,73,57,59,86,67,44,42,44,291,32,98,95,98,96,105,45,37,45,39,63,2022-07-30,0,0,0,0,0,0,0,0,0,0,0,0,0,0,2022-10-03,0,0,0,0,0,0,0,0,0,0,0,0,0,0,2022-07-30,11,3,12,12,11,11,11,10,11,11,11,12,2022-10-03,8,8,12,12,11,13,10,10,11,13,10,11,2022-08-18,10,0,2,0,0,2,3,2,4,5,8,7,3,Much Less Than Others,Less Than Others,Much Less Than Others,Much Less Than Others,Less Than Others,Less Than Others,Much Less Than Others,Less Than Others,Much Less Than Others,Less Than Others,Less Than Others,Much Less Than Others,2022-10-13,9,7,11,8,8,11,9,14,10,20,20,20,22,Less Than Others,Just Like the Majority of Others,Just Like the Majority of Others,Just Like the Majority of Others,Just Like the Majority of Others,Just Like the Majority of Others,Just Like the Majority of Others,Just Like the Majority of Others,Just Like the Majority of Others,Less Than Others,Just Like the Majority of Others,Just Like the Majority of Others,NA,NA,NA,NA,NA,NA,NA,NA,NA,NA,NA,NA,NA,NA,NA,NA,NA,NA,NA,NA,NA,NA,NA,NA,NA,NA,NA,NA,NA,NA,NA,NA,NA,NA,NA,NA,NA,NA,NA,NA,NA,NA,NA,NA,NA,NA,NA,2022-10-13,96,18,11,13,13,13,14,14,3,3,0,0,0,20,0,4,100,48,94,106,"average
","average
","average
","average
","average
","average
","average
",83,7,76,90,"average
","average
","below average
","below average
","average
",NA,NA,NA,NA,NA,NA,NA,NA,NA,NA,10,13,13,11,47,110,5,105,115,75,NA,NA,NA,NA,NA,NA,NA,NA,NA,NA,NA,NA,NA,NA,NA,NA,15,25,90,Average ,7-6,1-8
119,CAR-QQUQGW,9765,2016-04-03,Male,TDC,TDC,6,NA,NA,NA,No,NA,NA,No,NA,109,WASI II,2022-07-28,0,0,0,0,0,2022-08-11,0,1,1,1,2,1,5,6,35,40,39,42,43,38,39,2022-10-05,2,4,2,6,3,2,15,17,45,42,45,44,45,43,43,2022-08-11,73,95,40,97,27,40,59,52,41,85,58,46,45,40,291,31,102,100,89,96,102,55,50,23,39,55,2022-10-06,73,95,37,98,24,33,71,57,42,86,58,45,42,43,291,31,100,95,96,96,102,50,37,39,39,55,2022-08-11,0,0,0,0,0,0,0,0,0,0,0,0,0,0,2022-10-05,0,0,0,0,0,0,0,0,3,3,0,0,3,3,2022-08-11,3,17,13,11,11,11,12,12,9,10,10,15,2022-10-05,5,15,12,12,10,11,11,12,9,10,11,14,2022-08-11,11,17,12,10,8,11,15,19,17,30,28,25,NA,Just Like the Majority of Others,Just Like the Majority of Others,Just Like the Majority of Others,Just Like the Majority of Others,Just Like the Majority of Others,Just Like the Majority of Others,Just Like the Majority of Others,Just Like the Majority of Others,Just Like the Majority of Others,Just Like the Majority of Others,Just Like the Majority of Others,NA,2022-10-14,10,15,12,11,8,13,14,20,18,31,NA,26,26,Just Like the Majority of Others,Just Like the Majority of Others,Just Like the Majority of Others,Just Like the Majority of Others,Just Like the Majority of Others,Just Like the Majority of Others,Just Like the Majority of Others,Just Like the Majority of Others,Just Like the Majority of Others,NA,Just Like the Majority of Others,Just Like the Majority of Others,NA,NA,NA,NA,NA,NA,NA,NA,NA,NA,2022-08-11,101,17,12,14,12,14,18,14,15,10,2,7,1,21,0,3,104,60,98,110,"average
","average
","average
","average
","average
","average
","average
",97,46,90,104,"average
","average
","average
","average
","average
",2022-10-14,87,15,12,10,13,11,15,11,19,10,2,7,4,18,1,7,92,28,86,98,"average
","average
","below average
","average
","average
","average
","average
",102,58,95,109,"average
","average
","average
","average
","average
",16,8,10,8,42,102,5,97,107,55,NA,NA,NA,NA,NA,NA,NA,NA,NA,NA,NA,NA,NA,NA,NA,NA,NA,NA,NA,NA,1,5,75,Poor,<6-2,<K-6,NA,NA,NA,NA,NA,NA
122,CAR-Z8JFVS,9795,2006-08-31,Female,ASD,ASD,15,NA,NA,NA,NA,NA,NA,NA,NA,111,WASI II,2/14/2022,13,NA,NA,NA,NA,NA,NA,NA,NA,NA,NA,NA,NA,NA,NA,NA,NA,NA,NA,NA,NA,2023-04-17,24,10,20,25,20,14,75,89,65,78,68,82,70,76,75,NA,NA,NA,NA,NA,NA,NA,NA,NA,NA,NA,NA,NA,NA,NA,NA,NA,NA,NA,NA,NA,NA,NA,NA,NA,NA,NA,2023-04-24,71,93,68,104,43,91,68,52,52,86,68,38,39,34,243,NA,80,86,77,78,NA,9,18,6,7,NA,NA,NA,NA,NA,NA,NA,NA,NA,NA,NA,NA,NA,NA,NA,NA,2023-04-17,3,3,2,3,5,6,4,7,5,7,2,4,21,30,NA,NA,NA,NA,NA,NA,NA,NA,NA,NA,NA,NA,NA,2023-04-17,30,27,8,7,8,8,3,4,7,7,4,5,NA,NA,NA,NA,NA,NA,NA,NA,NA,NA,NA,NA,NA,NA,NA,NA,NA,NA,NA,NA,NA,NA,NA,NA,NA,NA,NA,NA,NA,NA,NA,NA,NA,NA,NA,NA,NA,NA,NA,NA,NA,NA,NA,NA,NA,NA,NA,NA,NA,NA,NA,NA,NA,NA,NA,NA,NA,2023-06-09,44,24,41,46,2022-06-28,80,18,11,11,10,9,9,12,37,7,0,7,15,17,13,20,81,10,74,88,"average
","average
","below average
","below average
","below average
","below average
","average
",132,96,124,140,"average
","average
","average
","above average
","above average
",2023-06-09,77,10,11,14,14,11,4,13,30,5,0,7,14,10,9,23,79,7,72,86,"below average
","average
","average
","average
","average
","below average
","average
",123,92,115,131,"average
","average
","average
","above average
","above average
",NA,NA,NA,NA,NA,NA,NA,NA,NA,NA,NA,NA,NA,NA,NA,NA,NA,NA,NA,NA,16,14,8,12,50,117,7,110,124,87,NA,NA,NA,NA,NA,NA,21,8,79,Poor ,9-6,3-7
123,CAR-74FTJR,8698,2011-08-08,Female,ASD,ASD,11,NA,NA,NA,No,NA,NA,No,NA,107,DAS 2 Early,2022-11-07,11,11,3,3,3,2022-12-06,12,5,3,18,3,4,29,33,50,45,60,45,50,52,52,2023-03-30,14,6,4,18,5,5,33,38,53,47,60,49,52,54,54,2022-12-06,78,98,70,105,44,76,80,67,61,85,68,53,46,47,320,NA,115,102,103,107,NA,84,55,58,68,NA,2023-03-30,78,98,70,102,33,70,81,66,61,84,68,52,40,47,306,NA,113,90,103,102,NA,81,25,58,55,NA,2022-12-06,0,0,0,0,1,1,1,1,0,0,0,0,2,2,2023-03-30,2,2,1,1,0,0,1,1,0,0,0,0,4,4,2022-12-06,19,9,8,12,13,8,9,9,11,7,8,13,2023-03-30,35,7,8,12,8,8,9,7,9,8,8,8,NA,NA,NA,NA,NA,NA,NA,NA,NA,NA,NA,NA,NA,NA,NA,NA,NA,NA,NA,NA,NA,NA,NA,NA,NA,NA,2023-04-17,16,10,11,11,8,12,11,20,16,23,29,27,32,Just Like the Majority of Others,Just Like the Majority of Others,Just Like the Majority of Others,Just Like the Majority of Others,Just Like the Majority of Others,Just Like the Majority of Others,Just Like the Majority of Others,Just Like the Majority of Others,Just Like the Majority of Others,Just Like the Majority of Others,Just Like the Majority of Others,Just Like the Majority of Others,NA,NA,NA,NA,NA,NA,NA,NA,NA,NA,NA,NA,NA,NA,NA,NA,NA,NA,NA,NA,NA,NA,NA,NA,NA,NA,NA,NA,NA,NA,NA,NA,NA,NA,NA,NA,NA,NA,NA,NA,NA,NA,NA,NA,NA,NA,NA,2023-04-17,129,18,17,20,18,18,18,20,5,1,0,2,2,20,0,4,124,95,118,130,"average
","above average
","above average
","above average
",NA,"average
","above average
",87,16,79,95,"average
","average
","average
","average
","average
",NA,NA,NA,NA,NA,NA,NA,NA,NA,NA,13,12,9,13,47,110,7,103,117,75,NA,NA,NA,NA,NA,NA,NA,NA,NA,NA,NA,NA,NA,NA,NA,NA,32,73,109,Average ,16-6,10-4
